commodity,year,agg_level,state_alpha,state_name,planted_acres,planted_acres_mil,harvested_acres,harvested_acres_mil,yield_bu_per_acre,production_bu,production_mbu,latest_load_time
CORN,2015,NATIONAL,US,US TOTAL,88019000.0,88.019,80753000.0,80.753,168.4,13601964000.0,13601.964,2019-02-06 15:00:06
CORN,2016,NATIONAL,US,US TOTAL,94004000.0,94.004,86748000.0,86.748,174.6,15148038000.0,15148.038,2019-02-06 15:00:06
CORN,2017,NATIONAL,US,US TOTAL,90167000.0,90.167,82733000.0,82.733,176.6,14609407000.0,14609.407,2019-02-06 15:00:06
CORN,2018,NATIONAL,US,US TOTAL,88821000.0,88.821,81169000.0,81.169,176.4,14321674000.0,14321.674,2024-01-09 15:00:00
CORN,2019,NATIONAL,US,US TOTAL,89370000.0,89.37,80991000.0,80.991,167.5,13568306000.0,13568.306,2024-01-09 15:00:00
CORN,2020,NATIONAL,US,US TOTAL,90432000.0,90.432,82168000.0,82.168,171.4,14086699000.0,14086.699,2024-01-09 15:00:00
CORN,2021,NATIONAL,US,US TOTAL,92901000.0,92.901,84988000.0,84.988,176.7,15017788000.0,15017.788,2024-01-09 15:00:00
CORN,2022,NATIONAL,US,US TOTAL,88162000.0,88.162,78705000.0,78.705,173.4,13650531000.0,13650.531,2024-01-09 15:00:00
CORN,2023,NATIONAL,US,US TOTAL,94641000.0,94.641,86506000.0,86.506,177.3,15340520000.0,15340.52,2024-09-30 12:00:00
CORN,2024,NATIONAL,US,US TOTAL,90909000.0,90.909,83046000.0,83.046,179.3,14891756000.0,14891.756,2025-09-30 12:00:00
CORN,2025,NATIONAL,US,US TOTAL,98788000.0,98.788,91258000.0,91.258,186.5,17020549000.0,17020.549,2026-01-12 12:00:00
CORN,2026,NATIONAL,US,US TOTAL,95338000.0,95.338,,,,,,2026-03-31 12:00:00
CORN,2015,STATE,AL,ALABAMA,260000.0,0.26,245000.0,0.245,147.0,36015000.0,36.015,2019-02-06 15:00:06
CORN,2016,STATE,AL,ALABAMA,330000.0,0.33,315000.0,0.315,120.0,37800000.0,37.8,2019-02-06 15:00:06
CORN,2017,STATE,AL,ALABAMA,250000.0,0.25,235000.0,0.235,167.0,39245000.0,39.245,2019-02-06 15:00:06
CORN,2018,STATE,AL,ALABAMA,255000.0,0.255,245000.0,0.245,156.0,38220000.0,38.22,2024-01-09 15:00:00
CORN,2019,STATE,AL,ALABAMA,300000.0,0.3,285000.0,0.285,147.0,41895000.0,41.895,2024-01-09 15:00:00
CORN,2020,STATE,AL,ALABAMA,320000.0,0.32,310000.0,0.31,158.0,48980000.0,48.98,2024-01-09 15:00:00
CORN,2021,STATE,AL,ALABAMA,330000.0,0.33,320000.0,0.32,163.0,52160000.0,52.16,2024-01-09 15:00:00
CORN,2022,STATE,AL,ALABAMA,300000.0,0.3,290000.0,0.29,118.0,34220000.0,34.22,2024-01-09 15:00:00
CORN,2023,STATE,AL,ALABAMA,330000.0,0.33,320000.0,0.32,164.0,52480000.0,52.48,2024-09-30 12:00:00
CORN,2024,STATE,AL,ALABAMA,280000.0,0.28,270000.0,0.27,112.0,30240000.0,30.24,2025-09-30 12:00:00
CORN,2025,STATE,AL,ALABAMA,350000.0,0.35,340000.0,0.34,152.0,51680000.0,51.68,2026-01-12 12:00:00
CORN,2026,STATE,AL,ALABAMA,410000.0,0.41,,,,,,2026-03-31 12:00:00
CORN,2015,STATE,AR,ARKANSAS,460000.0,0.46,445000.0,0.445,181.0,80545000.0,80.545,2019-02-06 15:00:06
CORN,2016,STATE,AR,ARKANSAS,760000.0,0.76,745000.0,0.745,171.0,127395000.0,127.395,2019-02-06 15:00:06
CORN,2017,STATE,AR,ARKANSAS,620000.0,0.62,595000.0,0.595,183.0,108885000.0,108.885,2019-02-06 15:00:06
CORN,2018,STATE,AR,ARKANSAS,660000.0,0.66,645000.0,0.645,181.0,116745000.0,116.745,2024-01-09 15:00:00
CORN,2019,STATE,AR,ARKANSAS,770000.0,0.77,735000.0,0.735,175.0,128625000.0,128.625,2024-01-09 15:00:00
CORN,2020,STATE,AR,ARKANSAS,620000.0,0.62,605000.0,0.605,184.0,111320000.0,111.32,2024-01-09 15:00:00
CORN,2021,STATE,AR,ARKANSAS,850000.0,0.85,830000.0,0.83,184.0,152720000.0,152.72,2024-01-09 15:00:00
CORN,2022,STATE,AR,ARKANSAS,710000.0,0.71,695000.0,0.695,173.0,120235000.0,120.235,2024-01-09 15:00:00
CORN,2023,STATE,AR,ARKANSAS,850000.0,0.85,830000.0,0.83,183.0,151890000.0,151.89,2024-09-30 12:00:00
CORN,2024,STATE,AR,ARKANSAS,500000.0,0.5,480000.0,0.48,187.0,89760000.0,89.76,2025-09-30 12:00:00
CORN,2025,STATE,AR,ARKANSAS,810000.0,0.81,790000.0,0.79,182.0,143780000.0,143.78,2026-01-12 12:00:00
CORN,2026,STATE,AR,ARKANSAS,590000.0,0.59,,,,,,2026-03-31 12:00:00
CORN,2015,STATE,AZ,ARIZONA,75000.0,0.075,36000.0,0.036,210.0,7560000.0,7.56,2019-02-06 15:00:06
CORN,2016,STATE,AZ,ARIZONA,95000.0,0.095,50000.0,0.05,215.0,10750000.0,10.75,2019-02-06 15:00:06
CORN,2017,STATE,AZ,ARIZONA,65000.0,0.065,32000.0,0.032,195.0,6240000.0,6.24,2019-02-06 15:00:06
CORN,2018,STATE,AZ,ARIZONA,80000.0,0.08,20000.0,0.02,220.0,4400000.0,4.4,2024-01-09 15:00:00
CORN,2019,STATE,AZ,ARIZONA,90000.0,0.09,37000.0,0.037,231.0,8547000.0,8.547,2024-01-09 15:00:00
CORN,2020,STATE,AZ,ARIZONA,75000.0,0.075,29000.0,0.029,202.0,5858000.0,5.858,2024-01-09 15:00:00
CORN,2021,STATE,AZ,ARIZONA,95000.0,0.095,18000.0,0.018,181.0,3258000.0,3.258,2024-01-09 15:00:00
CORN,2022,STATE,AZ,ARIZONA,90000.0,0.09,45000.0,0.045,220.0,9900000.0,9.9,2024-01-09 15:00:00
CORN,2023,STATE,AZ,ARIZONA,105000.0,0.105,38000.0,0.038,206.0,7828000.0,7.828,2024-09-30 12:00:00
CORN,2024,STATE,AZ,ARIZONA,70000.0,0.07,19000.0,0.019,225.0,4275000.0,4.275,2025-09-30 12:00:00
CORN,2025,STATE,AZ,ARIZONA,65000.0,0.065,16000.0,0.016,198.0,3168000.0,3.168,2026-01-12 12:00:00
CORN,2026,STATE,AZ,ARIZONA,65000.0,0.065,,,,,,2026-03-31 12:00:00
CORN,2015,STATE,CA,CALIFORNIA,440000.0,0.44,60000.0,0.06,157.0,9420000.0,9.42,2019-02-06 15:00:06
CORN,2016,STATE,CA,CALIFORNIA,420000.0,0.42,100000.0,0.1,185.0,18500000.0,18.5,2019-02-06 15:00:06
CORN,2017,STATE,CA,CALIFORNIA,430000.0,0.43,80000.0,0.08,167.0,13360000.0,13.36,2019-02-06 15:00:06
CORN,2018,STATE,CA,CALIFORNIA,430000.0,0.43,65000.0,0.065,173.0,11245000.0,11.245,2024-01-09 15:00:00
CORN,2019,STATE,CA,CALIFORNIA,480000.0,0.48,60000.0,0.06,168.0,10080000.0,10.08,2024-01-09 15:00:00
CORN,2020,STATE,CA,CALIFORNIA,440000.0,0.44,60000.0,0.06,187.0,11220000.0,11.22,2024-01-09 15:00:00
CORN,2021,STATE,CA,CALIFORNIA,400000.0,0.4,50000.0,0.05,188.0,9400000.0,9.4,2024-01-09 15:00:00
CORN,2022,STATE,CA,CALIFORNIA,360000.0,0.36,20000.0,0.02,177.0,3540000.0,3.54,2024-01-09 15:00:00
CORN,2023,STATE,CA,CALIFORNIA,400000.0,0.4,40000.0,0.04,178.0,7120000.0,7.12,2024-09-30 12:00:00
CORN,2024,STATE,CA,CALIFORNIA,440000.0,0.44,55000.0,0.055,182.0,10010000.0,10.01,2025-09-30 12:00:00
CORN,2025,STATE,CA,CALIFORNIA,420000.0,0.42,50000.0,0.05,173.0,8650000.0,8.65,2026-01-12 12:00:00
CORN,2026,STATE,CA,CALIFORNIA,400000.0,0.4,,,,,,2026-03-31 12:00:00
CORN,2015,STATE,CO,COLORADO,1100000.0,1.1,950000.0,0.95,142.0,134900000.0,134.9,2019-02-06 15:00:06
CORN,2016,STATE,CO,COLORADO,1340000.0,1.34,1170000.0,1.17,137.0,160290000.0,160.29,2019-02-06 15:00:06
CORN,2017,STATE,CO,COLORADO,1460000.0,1.46,1300000.0,1.3,143.0,185900000.0,185.9,2019-02-06 15:00:06
CORN,2018,STATE,CO,COLORADO,1460000.0,1.46,1190000.0,1.19,129.0,153510000.0,153.51,2024-01-09 15:00:00
CORN,2019,STATE,CO,COLORADO,1550000.0,1.55,1300000.0,1.3,123.0,159900000.0,159.9,2024-01-09 15:00:00
CORN,2020,STATE,CO,COLORADO,1420000.0,1.42,1060000.0,1.06,116.0,122960000.0,122.96,2024-01-09 15:00:00
CORN,2021,STATE,CO,COLORADO,1370000.0,1.37,1140000.0,1.14,129.0,147060000.0,147.06,2024-01-09 15:00:00
CORN,2022,STATE,CO,COLORADO,1340000.0,1.34,970000.0,0.97,121.0,117370000.0,117.37,2024-01-09 15:00:00
CORN,2023,STATE,CO,COLORADO,1330000.0,1.33,1015000.0,1.015,122.0,123830000.0,123.83,2024-09-30 12:00:00
CORN,2024,STATE,CO,COLORADO,1460000.0,1.46,1180000.0,1.18,116.0,136880000.0,136.88,2025-09-30 12:00:00
CORN,2025,STATE,CO,COLORADO,1500000.0,1.5,1250000.0,1.25,133.0,166250000.0,166.25,2026-01-12 12:00:00
CORN,2026,STATE,CO,COLORADO,1410000.0,1.41,,,,,,2026-03-31 12:00:00
CORN,2015,STATE,CT,CONNECTICUT,26000.0,0.026,,,,,,2019-02-06 15:00:06
CORN,2016,STATE,CT,CONNECTICUT,25000.0,0.025,,,,,,2019-02-06 15:00:06
CORN,2017,STATE,CT,CONNECTICUT,24000.0,0.024,,,,,,2019-02-06 15:00:06
CORN,2018,STATE,CT,CONNECTICUT,23000.0,0.023,,,,,,2024-01-09 15:00:00
CORN,2019,STATE,CT,CONNECTICUT,23000.0,0.023,,,,,,2024-01-09 15:00:00
CORN,2020,STATE,CT,CONNECTICUT,24000.0,0.024,,,,,,2024-01-09 15:00:00
CORN,2021,STATE,CT,CONNECTICUT,24000.0,0.024,,,,,,2024-01-09 15:00:00
CORN,2022,STATE,CT,CONNECTICUT,24000.0,0.024,,,,,,2024-01-09 15:00:00
CORN,2023,STATE,CT,CONNECTICUT,24000.0,0.024,,,,,,2024-09-30 12:00:00
CORN,2024,STATE,CT,CONNECTICUT,24000.0,0.024,,,,,,2025-09-30 12:00:00
CORN,2025,STATE,CT,CONNECTICUT,23000.0,0.023,,,,,,2026-01-12 12:00:00
CORN,2026,STATE,CT,CONNECTICUT,23000.0,0.023,,,,,,2026-03-31 12:00:00
CORN,2015,STATE,DE,DELAWARE,170000.0,0.17,164000.0,0.164,192.0,31488000.0,31.488,2019-02-06 15:00:06
CORN,2016,STATE,DE,DELAWARE,170000.0,0.17,164000.0,0.164,170.0,27880000.0,27.88,2019-02-06 15:00:06
CORN,2017,STATE,DE,DELAWARE,180000.0,0.18,171000.0,0.171,189.0,32319000.0,32.319,2019-02-06 15:00:06
CORN,2018,STATE,DE,DELAWARE,170000.0,0.17,165000.0,0.165,145.0,23925000.0,23.925,2024-01-09 15:00:00
CORN,2019,STATE,DE,DELAWARE,185000.0,0.185,180000.0,0.18,161.0,28980000.0,28.98,2024-01-09 15:00:00
CORN,2020,STATE,DE,DELAWARE,180000.0,0.18,176000.0,0.176,160.0,28160000.0,28.16,2024-01-09 15:00:00
CORN,2021,STATE,DE,DELAWARE,170000.0,0.17,167000.0,0.167,184.0,30728000.0,30.728,2024-01-09 15:00:00
CORN,2022,STATE,DE,DELAWARE,160000.0,0.16,156000.0,0.156,170.0,26520000.0,26.52,2024-01-09 15:00:00
CORN,2023,STATE,DE,DELAWARE,175000.0,0.175,172000.0,0.172,189.0,32508000.0,32.508,2024-09-30 12:00:00
CORN,2024,STATE,DE,DELAWARE,165000.0,0.165,161000.0,0.161,171.0,27531000.0,27.531,2025-09-30 12:00:00
CORN,2025,STATE,DE,DELAWARE,175000.0,0.175,172000.0,0.172,191.0,32852000.0,32.852,2026-01-12 12:00:00
CORN,2026,STATE,DE,DELAWARE,175000.0,0.175,,,,,,2026-03-31 12:00:00
CORN,2015,STATE,FL,FLORIDA,80000.0,0.08,50000.0,0.05,141.0,7050000.0,7.05,2019-02-06 15:00:06
CORN,2016,STATE,FL,FLORIDA,80000.0,0.08,40000.0,0.04,145.0,5800000.0,5.8,2019-02-06 15:00:06
CORN,2017,STATE,FL,FLORIDA,75000.0,0.075,37000.0,0.037,161.0,5957000.0,5.957,2019-02-06 15:00:06
CORN,2018,STATE,FL,FLORIDA,95000.0,0.095,62000.0,0.062,157.0,9734000.0,9.734,2024-01-09 15:00:00
CORN,2019,STATE,FL,FLORIDA,95000.0,0.095,54000.0,0.054,161.0,8694000.0,8.694,2024-01-09 15:00:00
CORN,2020,STATE,FL,FLORIDA,100000.0,0.1,61000.0,0.061,138.0,8418000.0,8.418,2024-01-09 15:00:00
CORN,2021,STATE,FL,FLORIDA,95000.0,0.095,66000.0,0.066,176.0,11616000.0,11.616,2024-01-09 15:00:00
CORN,2022,STATE,FL,FLORIDA,85000.0,0.085,56000.0,0.056,164.0,9184000.0,9.184,2024-01-09 15:00:00
CORN,2023,STATE,FL,FLORIDA,90000.0,0.09,62000.0,0.062,158.0,9796000.0,9.796,2024-09-30 12:00:00
CORN,2024,STATE,FL,FLORIDA,85000.0,0.085,47000.0,0.047,141.0,6627000.0,6.627,2025-09-30 12:00:00
CORN,2025,STATE,FL,FLORIDA,85000.0,0.085,57000.0,0.057,155.0,8835000.0,8.835,2026-01-12 12:00:00
CORN,2026,STATE,FL,FLORIDA,100000.0,0.1,,,,,,2026-03-31 12:00:00
CORN,2015,STATE,GA,GEORGIA,330000.0,0.33,285000.0,0.285,171.0,48735000.0,48.735,2019-02-06 15:00:06
CORN,2016,STATE,GA,GEORGIA,410000.0,0.41,340000.0,0.34,165.0,56100000.0,56.1,2019-02-06 15:00:06
CORN,2017,STATE,GA,GEORGIA,290000.0,0.29,245000.0,0.245,176.0,43120000.0,43.12,2019-02-06 15:00:06
CORN,2018,STATE,GA,GEORGIA,325000.0,0.325,285000.0,0.285,176.0,50160000.0,50.16,2024-01-09 15:00:00
CORN,2019,STATE,GA,GEORGIA,395000.0,0.395,350000.0,0.35,160.0,56000000.0,56.0,2024-01-09 15:00:00
CORN,2020,STATE,GA,GEORGIA,420000.0,0.42,390000.0,0.39,180.0,70200000.0,70.2,2024-01-09 15:00:00
CORN,2021,STATE,GA,GEORGIA,470000.0,0.47,435000.0,0.435,182.0,79170000.0,79.17,2024-01-09 15:00:00
CORN,2022,STATE,GA,GEORGIA,415000.0,0.415,375000.0,0.375,175.0,65625000.0,65.625,2024-01-09 15:00:00
CORN,2023,STATE,GA,GEORGIA,485000.0,0.485,440000.0,0.44,174.0,76560000.0,76.56,2024-09-30 12:00:00
CORN,2024,STATE,GA,GEORGIA,375000.0,0.375,305000.0,0.305,163.0,49715000.0,49.715,2025-09-30 12:00:00
CORN,2025,STATE,GA,GEORGIA,550000.0,0.55,500000.0,0.5,187.0,93500000.0,93.5,2026-01-12 12:00:00
CORN,2026,STATE,GA,GEORGIA,560000.0,0.56,,,,,,2026-03-31 12:00:00
CORN,2015,STATE,IA,IOWA,13500000.0,13.5,13050000.0,13.05,192.0,2505600000.0,2505.6,2019-02-06 15:00:06
CORN,2016,STATE,IA,IOWA,13900000.0,13.9,13500000.0,13.5,203.0,2740500000.0,2740.5,2019-02-06 15:00:06
CORN,2017,STATE,IA,IOWA,13300000.0,13.3,12900000.0,12.9,202.0,2605800000.0,2605.8,2019-02-06 15:00:06
CORN,2018,STATE,IA,IOWA,13200000.0,13.2,12750000.0,12.75,196.0,2499000000.0,2499.0,2024-01-09 15:00:00
CORN,2019,STATE,IA,IOWA,13400000.0,13.4,12950000.0,12.95,198.0,2564100000.0,2564.1,2024-01-09 15:00:00
CORN,2020,STATE,IA,IOWA,13600000.0,13.6,12900000.0,12.9,177.0,2283300000.0,2283.3,2024-01-09 15:00:00
CORN,2021,STATE,IA,IOWA,12900000.0,12.9,12450000.0,12.45,204.0,2539800000.0,2539.8,2024-01-09 15:00:00
CORN,2022,STATE,IA,IOWA,12900000.0,12.9,12350000.0,12.35,200.0,2470000000.0,2470.0,2024-01-09 15:00:00
CORN,2023,STATE,IA,IOWA,13100000.0,13.1,12550000.0,12.55,201.0,2522550000.0,2522.55,2024-09-30 12:00:00
CORN,2024,STATE,IA,IOWA,12900000.0,12.9,12450000.0,12.45,211.0,2626950000.0,2626.95,2025-09-30 12:00:00
CORN,2025,STATE,IA,IOWA,13550000.0,13.55,13200000.0,13.2,210.0,2772000000.0,2772.0,2026-01-12 12:00:00
CORN,2026,STATE,IA,IOWA,13100000.0,13.1,,,,,,2026-03-31 12:00:00
CORN,2015,STATE,ID,IDAHO,280000.0,0.28,70000.0,0.07,207.0,14490000.0,14.49,2019-02-06 15:00:06
CORN,2016,STATE,ID,IDAHO,340000.0,0.34,100000.0,0.1,188.0,18800000.0,18.8,2019-02-06 15:00:06
CORN,2017,STATE,ID,IDAHO,340000.0,0.34,115000.0,0.115,203.0,23345000.0,23.345,2019-02-06 15:00:06
CORN,2018,STATE,ID,IDAHO,350000.0,0.35,125000.0,0.125,213.0,26625000.0,26.625,2024-01-09 15:00:00
CORN,2019,STATE,ID,IDAHO,390000.0,0.39,150000.0,0.15,205.0,30750000.0,30.75,2024-01-09 15:00:00
CORN,2020,STATE,ID,IDAHO,390000.0,0.39,130000.0,0.13,199.0,25870000.0,25.87,2024-01-09 15:00:00
CORN,2021,STATE,ID,IDAHO,380000.0,0.38,115000.0,0.115,210.0,24150000.0,24.15,2024-01-09 15:00:00
CORN,2022,STATE,ID,IDAHO,310000.0,0.31,105000.0,0.105,216.0,22680000.0,22.68,2024-01-09 15:00:00
CORN,2023,STATE,ID,IDAHO,360000.0,0.36,115000.0,0.115,203.0,23345000.0,23.345,2024-09-30 12:00:00
CORN,2024,STATE,ID,IDAHO,380000.0,0.38,110000.0,0.11,206.0,22660000.0,22.66,2025-09-30 12:00:00
CORN,2025,STATE,ID,IDAHO,430000.0,0.43,145000.0,0.145,209.0,30305000.0,30.305,2026-01-12 12:00:00
CORN,2026,STATE,ID,IDAHO,380000.0,0.38,,,,,,2026-03-31 12:00:00
CORN,2015,STATE,IL,ILLINOIS,11700000.0,11.7,11500000.0,11.5,175.0,2012500000.0,2012.5,2019-02-06 15:00:06
CORN,2016,STATE,IL,ILLINOIS,11600000.0,11.6,11450000.0,11.45,197.0,2255650000.0,2255.65,2019-02-06 15:00:06
CORN,2017,STATE,IL,ILLINOIS,11200000.0,11.2,10950000.0,10.95,201.0,2200950000.0,2200.95,2019-02-06 15:00:06
CORN,2018,STATE,IL,ILLINOIS,11000000.0,11.0,10800000.0,10.8,210.0,2268000000.0,2268.0,2024-01-09 15:00:00
CORN,2019,STATE,IL,ILLINOIS,10500000.0,10.5,10200000.0,10.2,181.0,1846200000.0,1846.2,2024-01-09 15:00:00
CORN,2020,STATE,IL,ILLINOIS,11300000.0,11.3,11100000.0,11.1,191.0,2120100000.0,2120.1,2024-01-09 15:00:00
CORN,2021,STATE,IL,ILLINOIS,11000000.0,11.0,10850000.0,10.85,202.0,2191700000.0,2191.7,2024-01-09 15:00:00
CORN,2022,STATE,IL,ILLINOIS,10800000.0,10.8,10600000.0,10.6,214.0,2268400000.0,2268.4,2024-01-09 15:00:00
CORN,2023,STATE,IL,ILLINOIS,11200000.0,11.2,11050000.0,11.05,206.0,2276300000.0,2276.3,2024-09-30 12:00:00
CORN,2024,STATE,IL,ILLINOIS,10800000.0,10.8,10650000.0,10.65,217.0,2311050000.0,2311.05,2025-09-30 12:00:00
CORN,2025,STATE,IL,ILLINOIS,11200000.0,11.2,11000000.0,11.0,214.0,2354000000.0,2354.0,2026-01-12 12:00:00
CORN,2026,STATE,IL,ILLINOIS,10900000.0,10.9,,,,,,2026-03-31 12:00:00
CORN,2015,STATE,IN,INDIANA,5650000.0,5.65,5480000.0,5.48,150.0,822000000.0,822.0,2019-02-06 15:00:06
CORN,2016,STATE,IN,INDIANA,5600000.0,5.6,5470000.0,5.47,173.0,946310000.0,946.31,2019-02-06 15:00:06
CORN,2017,STATE,IN,INDIANA,5350000.0,5.35,5200000.0,5.2,180.0,936000000.0,936.0,2019-03-21 15:28:35
CORN,2018,STATE,IN,INDIANA,5300000.0,5.3,5120000.0,5.12,189.0,967680000.0,967.68,2024-01-09 15:00:00
CORN,2019,STATE,IN,INDIANA,4950000.0,4.95,4770000.0,4.77,169.0,806130000.0,806.13,2024-01-09 15:00:00
CORN,2020,STATE,IN,INDIANA,5400000.0,5.4,5250000.0,5.25,187.0,981750000.0,981.75,2024-01-09 15:00:00
CORN,2021,STATE,IN,INDIANA,5400000.0,5.4,5270000.0,5.27,195.0,1027650000.0,1027.65,2024-01-09 15:00:00
CORN,2022,STATE,IN,INDIANA,5250000.0,5.25,5130000.0,5.13,190.0,974700000.0,974.7,2024-01-09 15:00:00
CORN,2023,STATE,IN,INDIANA,5450000.0,5.45,5310000.0,5.31,203.0,1077930000.0,1077.93,2024-09-30 12:00:00
CORN,2024,STATE,IN,INDIANA,5200000.0,5.2,5050000.0,5.05,198.0,999900000.0,999.9,2025-09-30 12:00:00
CORN,2025,STATE,IN,INDIANA,5400000.0,5.4,5230000.0,5.23,204.0,1066920000.0,1066.92,2026-01-12 12:00:00
CORN,2026,STATE,IN,INDIANA,5400000.0,5.4,,,,,,2026-03-31 12:00:00
CORN,2015,STATE,KS,KANSAS,4150000.0,4.15,3920000.0,3.92,148.0,580160000.0,580.16,2019-02-06 15:00:06
CORN,2016,STATE,KS,KANSAS,5100000.0,5.1,4920000.0,4.92,142.0,698640000.0,698.64,2019-02-06 15:00:06
CORN,2017,STATE,KS,KANSAS,5500000.0,5.5,5200000.0,5.2,132.0,686400000.0,686.4,2019-02-06 15:00:06
CORN,2018,STATE,KS,KANSAS,5450000.0,5.45,4980000.0,4.98,129.0,642420000.0,642.42,2024-01-09 15:00:00
CORN,2019,STATE,KS,KANSAS,6400000.0,6.4,6020000.0,6.02,133.0,800660000.0,800.66,2024-01-09 15:00:00
CORN,2020,STATE,KS,KANSAS,6100000.0,6.1,5720000.0,5.72,134.0,766480000.0,766.48,2024-01-09 15:00:00
CORN,2021,STATE,KS,KANSAS,5700000.0,5.7,5400000.0,5.4,139.0,750600000.0,750.6,2024-01-09 15:00:00
CORN,2022,STATE,KS,KANSAS,5500000.0,5.5,4440000.0,4.44,115.0,510600000.0,510.6,2024-01-09 15:00:00
CORN,2023,STATE,KS,KANSAS,5750000.0,5.75,5150000.0,5.15,119.0,612850000.0,612.85,2024-09-30 12:00:00
CORN,2024,STATE,KS,KANSAS,6300000.0,6.3,5800000.0,5.8,129.0,748200000.0,748.2,2025-09-30 12:00:00
CORN,2025,STATE,KS,KANSAS,6850000.0,6.85,6500000.0,6.5,145.0,942500000.0,942.5,2026-01-12 12:00:00
CORN,2026,STATE,KS,KANSAS,7100000.0,7.1,,,,,,2026-03-31 12:00:00
CORN,2015,STATE,KY,KENTUCKY,1400000.0,1.4,1310000.0,1.31,172.0,225320000.0,225.32,2019-02-06 15:00:06
CORN,2016,STATE,KY,KENTUCKY,1500000.0,1.5,1400000.0,1.4,159.0,222600000.0,222.6,2019-02-06 15:00:06
CORN,2017,STATE,KY,KENTUCKY,1320000.0,1.32,1220000.0,1.22,178.0,217160000.0,217.16,2019-02-06 15:00:06
CORN,2018,STATE,KY,KENTUCKY,1330000.0,1.33,1220000.0,1.22,175.0,213500000.0,213.5,2024-01-09 15:00:00
CORN,2019,STATE,KY,KENTUCKY,1550000.0,1.55,1450000.0,1.45,169.0,245050000.0,245.05,2024-01-09 15:00:00
CORN,2020,STATE,KY,KENTUCKY,1470000.0,1.47,1360000.0,1.36,184.0,250240000.0,250.24,2024-01-09 15:00:00
CORN,2021,STATE,KY,KENTUCKY,1530000.0,1.53,1420000.0,1.42,192.0,272640000.0,272.64,2024-01-09 15:00:00
CORN,2022,STATE,KY,KENTUCKY,1420000.0,1.42,1330000.0,1.33,156.0,207480000.0,207.48,2024-01-09 15:00:00
CORN,2023,STATE,KY,KENTUCKY,1600000.0,1.6,1500000.0,1.5,187.0,280500000.0,280.5,2024-09-30 12:00:00
CORN,2024,STATE,KY,KENTUCKY,1370000.0,1.37,1280000.0,1.28,178.0,227840000.0,227.84,2025-09-30 12:00:00
CORN,2025,STATE,KY,KENTUCKY,1520000.0,1.52,1420000.0,1.42,167.0,237140000.0,237.14,2026-01-12 12:00:00
CORN,2026,STATE,KY,KENTUCKY,1450000.0,1.45,,,,,,2026-03-31 12:00:00
CORN,2015,STATE,LA,LOUISIANA,400000.0,0.4,390000.0,0.39,171.0,66690000.0,66.69,2019-02-06 15:00:06
CORN,2016,STATE,LA,LOUISIANA,620000.0,0.62,550000.0,0.55,165.0,90750000.0,90.75,2019-02-06 15:00:06
CORN,2017,STATE,LA,LOUISIANA,500000.0,0.5,490000.0,0.49,184.0,90160000.0,90.16,2019-02-06 15:00:06
CORN,2018,STATE,LA,LOUISIANA,460000.0,0.46,450000.0,0.45,173.0,77850000.0,77.85,2024-01-09 15:00:00
CORN,2019,STATE,LA,LOUISIANA,570000.0,0.57,545000.0,0.545,165.0,89925000.0,89.925,2024-01-09 15:00:00
CORN,2020,STATE,LA,LOUISIANA,500000.0,0.5,485000.0,0.485,181.0,87785000.0,87.785,2024-01-09 15:00:00
CORN,2021,STATE,LA,LOUISIANA,580000.0,0.58,565000.0,0.565,183.0,103395000.0,103.395,2024-01-09 15:00:00
CORN,2022,STATE,LA,LOUISIANA,450000.0,0.45,435000.0,0.435,170.0,73950000.0,73.95,2024-01-09 15:00:00
CORN,2023,STATE,LA,LOUISIANA,700000.0,0.7,680000.0,0.68,175.0,119000000.0,119.0,2024-09-30 12:00:00
CORN,2024,STATE,LA,LOUISIANA,470000.0,0.47,440000.0,0.44,185.0,81400000.0,81.4,2025-09-30 12:00:00
CORN,2025,STATE,LA,LOUISIANA,810000.0,0.81,790000.0,0.79,193.0,152470000.0,152.47,2026-01-12 12:00:00
CORN,2026,STATE,LA,LOUISIANA,700000.0,0.7,,,,,,2026-03-31 12:00:00
CORN,2015,STATE,MA,MASSACHUSETTS,16000.0,0.016,,,,,,2019-02-06 15:00:06
CORN,2016,STATE,MA,MASSACHUSETTS,16000.0,0.016,,,,,,2019-02-06 15:00:06
CORN,2017,STATE,MA,MASSACHUSETTS,15000.0,0.015,,,,,,2019-02-06 15:00:06
CORN,2018,STATE,MA,MASSACHUSETTS,14000.0,0.014,,,,,,2024-01-09 15:00:00
CORN,2019,STATE,MA,MASSACHUSETTS,14000.0,0.014,,,,,,2024-01-09 15:00:00
CORN,2020,STATE,MA,MASSACHUSETTS,14000.0,0.014,,,,,,2024-01-09 15:00:00
CORN,2021,STATE,MA,MASSACHUSETTS,14000.0,0.014,,,,,,2024-01-09 15:00:00
CORN,2022,STATE,MA,MASSACHUSETTS,14000.0,0.014,,,,,,2024-01-09 15:00:00
CORN,2023,STATE,MA,MASSACHUSETTS,14000.0,0.014,,,,,,2024-09-30 12:00:00
CORN,2024,STATE,MA,MASSACHUSETTS,14000.0,0.014,,,,,,2025-09-30 12:00:00
CORN,2025,STATE,MA,MASSACHUSETTS,14000.0,0.014,,,,,,2026-01-12 12:00:00
CORN,2026,STATE,MA,MASSACHUSETTS,14000.0,0.014,,,,,,2026-03-31 12:00:00
CORN,2015,STATE,MD,MARYLAND,440000.0,0.44,380000.0,0.38,164.0,62320000.0,62.32,2019-02-06 15:00:06
CORN,2016,STATE,MD,MARYLAND,460000.0,0.46,400000.0,0.4,152.0,60800000.0,60.8,2019-02-06 15:00:06
CORN,2017,STATE,MD,MARYLAND,480000.0,0.48,420000.0,0.42,172.0,72240000.0,72.24,2019-02-06 15:00:06
CORN,2018,STATE,MD,MARYLAND,440000.0,0.44,380000.0,0.38,146.0,55480000.0,55.48,2024-01-09 15:00:00
CORN,2019,STATE,MD,MARYLAND,510000.0,0.51,460000.0,0.46,161.0,74060000.0,74.06,2024-01-09 15:00:00
CORN,2020,STATE,MD,MARYLAND,475000.0,0.475,420000.0,0.42,155.0,65100000.0,65.1,2024-01-09 15:00:00
CORN,2021,STATE,MD,MARYLAND,460000.0,0.46,415000.0,0.415,175.0,72625000.0,72.625,2024-01-09 15:00:00
CORN,2022,STATE,MD,MARYLAND,420000.0,0.42,360000.0,0.36,165.0,59400000.0,59.4,2024-01-09 15:00:00
CORN,2023,STATE,MD,MARYLAND,480000.0,0.48,440000.0,0.44,165.0,72600000.0,72.6,2024-09-30 12:00:00
CORN,2024,STATE,MD,MARYLAND,440000.0,0.44,380000.0,0.38,143.0,54340000.0,54.34,2025-09-30 12:00:00
CORN,2025,STATE,MD,MARYLAND,460000.0,0.46,410000.0,0.41,171.0,70110000.0,70.11,2026-01-12 12:00:00
CORN,2026,STATE,MD,MARYLAND,460000.0,0.46,,,,,,2026-03-31 12:00:00
CORN,2015,STATE,ME,MAINE,31000.0,0.031,,,,,,2019-02-06 15:00:06
CORN,2016,STATE,ME,MAINE,31000.0,0.031,,,,,,2019-02-06 15:00:06
CORN,2017,STATE,ME,MAINE,31000.0,0.031,,,,,,2019-02-06 15:00:06
CORN,2018,STATE,ME,MAINE,30000.0,0.03,,,,,,2024-01-09 15:00:00
CORN,2019,STATE,ME,MAINE,29000.0,0.029,,,,,,2024-01-09 15:00:00
CORN,2020,STATE,ME,MAINE,30000.0,0.03,,,,,,2024-01-09 15:00:00
CORN,2021,STATE,ME,MAINE,30000.0,0.03,,,,,,2024-01-09 15:00:00
CORN,2022,STATE,ME,MAINE,29000.0,0.029,,,,,,2024-01-09 15:00:00
CORN,2023,STATE,ME,MAINE,28000.0,0.028,,,,,,2024-09-30 12:00:00
CORN,2024,STATE,ME,MAINE,30000.0,0.03,,,,,,2025-09-30 12:00:00
CORN,2025,STATE,ME,MAINE,30000.0,0.03,,,,,,2026-01-12 12:00:00
CORN,2026,STATE,ME,MAINE,30000.0,0.03,,,,,,2026-03-31 12:00:00
CORN,2015,STATE,MI,MICHIGAN,2350000.0,2.35,2070000.0,2.07,162.0,335340000.0,335.34,2019-02-06 15:00:06
CORN,2016,STATE,MI,MICHIGAN,2400000.0,2.4,2040000.0,2.04,157.0,320280000.0,320.28,2019-02-06 15:00:06
CORN,2017,STATE,MI,MICHIGAN,2250000.0,2.25,1890000.0,1.89,159.0,300510000.0,300.51,2019-02-06 15:00:06
CORN,2018,STATE,MI,MICHIGAN,2250000.0,2.25,1860000.0,1.86,152.0,282720000.0,282.72,2024-01-09 15:00:00
CORN,2019,STATE,MI,MICHIGAN,2000000.0,2.0,1610000.0,1.61,147.0,236670000.0,236.67,2024-01-09 15:00:00
CORN,2020,STATE,MI,MICHIGAN,2350000.0,2.35,1980000.0,1.98,153.0,302940000.0,302.94,2024-01-09 15:00:00
CORN,2021,STATE,MI,MICHIGAN,2350000.0,2.35,1990000.0,1.99,174.0,346260000.0,346.26,2024-01-09 15:00:00
CORN,2022,STATE,MI,MICHIGAN,2300000.0,2.3,1940000.0,1.94,168.0,325920000.0,325.92,2024-01-09 15:00:00
CORN,2023,STATE,MI,MICHIGAN,2400000.0,2.4,2060000.0,2.06,168.0,346080000.0,346.08,2024-09-30 12:00:00
CORN,2024,STATE,MI,MICHIGAN,2300000.0,2.3,1950000.0,1.95,181.0,352950000.0,352.95,2025-09-30 12:00:00
CORN,2025,STATE,MI,MICHIGAN,2350000.0,2.35,1980000.0,1.98,178.0,352440000.0,352.44,2026-01-12 12:00:00
CORN,2026,STATE,MI,MICHIGAN,2250000.0,2.25,,,,,,2026-03-31 12:00:00
CORN,2015,STATE,MN,MINNESOTA,8100000.0,8.1,7600000.0,7.6,188.0,1428800000.0,1428.8,2019-02-06 15:00:06
CORN,2016,STATE,MN,MINNESOTA,8450000.0,8.45,8000000.0,8.0,193.0,1544000000.0,1544.0,2019-02-06 15:00:06
CORN,2017,STATE,MN,MINNESOTA,8050000.0,8.05,7630000.0,7.63,194.0,1480220000.0,1480.22,2019-02-06 15:00:06
CORN,2018,STATE,MN,MINNESOTA,7900000.0,7.9,7460000.0,7.46,182.0,1357720000.0,1357.72,2024-01-09 15:00:00
CORN,2019,STATE,MN,MINNESOTA,7800000.0,7.8,7250000.0,7.25,174.0,1261500000.0,1261.5,2024-01-09 15:00:00
CORN,2020,STATE,MN,MINNESOTA,8000000.0,8.0,7510000.0,7.51,191.0,1434410000.0,1434.41,2024-01-09 15:00:00
CORN,2021,STATE,MN,MINNESOTA,8350000.0,8.35,7790000.0,7.79,177.0,1378830000.0,1378.83,2024-01-09 15:00:00
CORN,2022,STATE,MN,MINNESOTA,8000000.0,8.0,7490000.0,7.49,195.0,1460550000.0,1460.55,2024-01-09 15:00:00
CORN,2023,STATE,MN,MINNESOTA,8600000.0,8.6,8180000.0,8.18,185.0,1513300000.0,1513.3,2024-09-30 12:00:00
CORN,2024,STATE,MN,MINNESOTA,8200000.0,8.2,7730000.0,7.73,174.0,1345020000.0,1345.02,2025-09-30 12:00:00
CORN,2025,STATE,MN,MINNESOTA,8900000.0,8.9,8450000.0,8.45,201.0,1698450000.0,1698.45,2026-01-12 12:00:00
CORN,2026,STATE,MN,MINNESOTA,8600000.0,8.6,,,,,,2026-03-31 12:00:00
CORN,2015,STATE,MO,MISSOURI,3250000.0,3.25,3080000.0,3.08,142.0,437360000.0,437.36,2019-02-06 15:00:06
CORN,2016,STATE,MO,MISSOURI,3650000.0,3.65,3500000.0,3.5,163.0,570500000.0,570.5,2019-02-06 15:00:06
CORN,2017,STATE,MO,MISSOURI,3400000.0,3.4,3250000.0,3.25,170.0,552500000.0,552.5,2019-02-06 15:00:06
CORN,2018,STATE,MO,MISSOURI,3500000.0,3.5,3300000.0,3.3,140.0,462000000.0,462.0,2024-01-09 15:00:00
CORN,2019,STATE,MO,MISSOURI,3200000.0,3.2,2980000.0,2.98,155.0,461900000.0,461.9,2024-01-09 15:00:00
CORN,2020,STATE,MO,MISSOURI,3450000.0,3.45,3280000.0,3.28,170.0,557600000.0,557.6,2024-01-09 15:00:00
CORN,2021,STATE,MO,MISSOURI,3600000.0,3.6,3430000.0,3.43,159.0,545370000.0,545.37,2024-01-09 15:00:00
CORN,2022,STATE,MO,MISSOURI,3350000.0,3.35,3110000.0,3.11,161.0,500710000.0,500.71,2024-01-09 15:00:00
CORN,2023,STATE,MO,MISSOURI,3850000.0,3.85,3670000.0,3.67,153.0,561510000.0,561.51,2024-09-30 12:00:00
CORN,2024,STATE,MO,MISSOURI,3500000.0,3.5,3350000.0,3.35,183.0,613050000.0,613.05,2025-09-30 12:00:00
CORN,2025,STATE,MO,MISSOURI,3800000.0,3.8,3660000.0,3.66,185.0,677100000.0,677.1,2026-01-12 12:00:00
CORN,2026,STATE,MO,MISSOURI,3650000.0,3.65,,,,,,2026-03-31 12:00:00
CORN,2015,STATE,MS,MISSISSIPPI,510000.0,0.51,490000.0,0.49,175.0,85750000.0,85.75,2019-02-06 15:00:06
CORN,2016,STATE,MS,MISSISSIPPI,750000.0,0.75,720000.0,0.72,166.0,119520000.0,119.52,2019-02-06 15:00:06
CORN,2017,STATE,MS,MISSISSIPPI,520000.0,0.52,500000.0,0.5,189.0,94500000.0,94.5,2019-02-06 15:00:06
CORN,2018,STATE,MS,MISSISSIPPI,480000.0,0.48,460000.0,0.46,185.0,85100000.0,85.1,2024-01-09 15:00:00
CORN,2019,STATE,MS,MISSISSIPPI,660000.0,0.66,615000.0,0.615,174.0,107010000.0,107.01,2024-01-09 15:00:00
CORN,2020,STATE,MS,MISSISSIPPI,510000.0,0.51,490000.0,0.49,180.0,88200000.0,88.2,2024-01-09 15:00:00
CORN,2021,STATE,MS,MISSISSIPPI,730000.0,0.73,700000.0,0.7,181.0,126700000.0,126.7,2024-01-09 15:00:00
CORN,2022,STATE,MS,MISSISSIPPI,580000.0,0.58,565000.0,0.565,165.0,93225000.0,93.225,2024-01-09 15:00:00
CORN,2023,STATE,MS,MISSISSIPPI,790000.0,0.79,770000.0,0.77,181.0,139370000.0,139.37,2024-09-30 12:00:00
CORN,2024,STATE,MS,MISSISSIPPI,490000.0,0.49,470000.0,0.47,186.0,87420000.0,87.42,2025-09-30 12:00:00
CORN,2025,STATE,MS,MISSISSIPPI,910000.0,0.91,870000.0,0.87,180.0,156600000.0,156.6,2026-01-12 12:00:00
CORN,2026,STATE,MS,MISSISSIPPI,630000.0,0.63,,,,,,2026-03-31 12:00:00
CORN,2015,STATE,MT,MONTANA,105000.0,0.105,50000.0,0.05,110.0,5500000.0,5.5,2019-02-06 15:00:06
CORN,2016,STATE,MT,MONTANA,115000.0,0.115,55000.0,0.055,100.0,5500000.0,5.5,2019-02-06 15:00:06
CORN,2017,STATE,MT,MONTANA,115000.0,0.115,65000.0,0.065,70.0,4550000.0,4.55,2019-02-06 15:00:06
CORN,2018,STATE,MT,MONTANA,115000.0,0.115,68000.0,0.068,85.0,5780000.0,5.78,2024-01-09 15:00:00
CORN,2019,STATE,MT,MONTANA,115000.0,0.115,60000.0,0.06,95.0,5700000.0,5.7,2024-01-09 15:00:00
CORN,2020,STATE,MT,MONTANA,115000.0,0.115,61000.0,0.061,109.0,6649000.0,6.649,2024-01-09 15:00:00
CORN,2021,STATE,MT,MONTANA,120000.0,0.12,60000.0,0.06,100.0,6000000.0,6.0,2024-01-09 15:00:00
CORN,2022,STATE,MT,MONTANA,130000.0,0.13,69000.0,0.069,112.0,7728000.0,7.728,2024-01-09 15:00:00
CORN,2023,STATE,MT,MONTANA,135000.0,0.135,68000.0,0.068,129.0,8772000.0,8.772,2024-09-30 12:00:00
CORN,2024,STATE,MT,MONTANA,130000.0,0.13,77000.0,0.077,85.0,6545000.0,6.545,2025-09-30 12:00:00
CORN,2025,STATE,MT,MONTANA,145000.0,0.145,75000.0,0.075,132.0,9900000.0,9.9,2026-01-12 12:00:00
CORN,2026,STATE,MT,MONTANA,140000.0,0.14,,,,,,2026-03-31 12:00:00
CORN,2015,STATE,NC,NORTH CAROLINA,790000.0,0.79,730000.0,0.73,113.0,82490000.0,82.49,2019-02-06 15:00:06
CORN,2016,STATE,NC,NORTH CAROLINA,1000000.0,1.0,940000.0,0.94,129.0,121260000.0,121.26,2019-02-06 15:00:06
CORN,2017,STATE,NC,NORTH CAROLINA,890000.0,0.89,840000.0,0.84,142.0,119280000.0,119.28,2019-02-06 15:00:06
CORN,2018,STATE,NC,NORTH CAROLINA,910000.0,0.91,830000.0,0.83,113.0,93790000.0,93.79,2024-01-09 15:00:00
CORN,2019,STATE,NC,NORTH CAROLINA,990000.0,0.99,930000.0,0.93,111.0,103230000.0,103.23,2024-01-09 15:00:00
CORN,2020,STATE,NC,NORTH CAROLINA,990000.0,0.99,940000.0,0.94,113.0,106220000.0,106.22,2024-01-09 15:00:00
CORN,2021,STATE,NC,NORTH CAROLINA,960000.0,0.96,905000.0,0.905,149.0,134845000.0,134.845,2024-01-09 15:00:00
CORN,2022,STATE,NC,NORTH CAROLINA,820000.0,0.82,775000.0,0.775,126.0,97650000.0,97.65,2024-01-09 15:00:00
CORN,2023,STATE,NC,NORTH CAROLINA,950000.0,0.95,900000.0,0.9,147.0,132300000.0,132.3,2024-09-30 12:00:00
CORN,2024,STATE,NC,NORTH CAROLINA,890000.0,0.89,810000.0,0.81,87.0,70470000.0,70.47,2025-09-30 12:00:00
CORN,2025,STATE,NC,NORTH CAROLINA,950000.0,0.95,910000.0,0.91,144.0,131040000.0,131.04,2026-01-12 12:00:00
CORN,2026,STATE,NC,NORTH CAROLINA,900000.0,0.9,,,,,,2026-03-31 12:00:00
CORN,2015,STATE,ND,NORTH DAKOTA,2750000.0,2.75,2560000.0,2.56,128.0,327680000.0,327.68,2019-02-06 15:00:06
CORN,2016,STATE,ND,NORTH DAKOTA,3450000.0,3.45,3270000.0,3.27,158.0,516660000.0,516.66,2019-02-06 15:00:06
CORN,2017,STATE,ND,NORTH DAKOTA,3420000.0,3.42,3230000.0,3.23,139.0,448970000.0,448.97,2019-02-06 15:00:06
CORN,2018,STATE,ND,NORTH DAKOTA,3150000.0,3.15,2930000.0,2.93,153.0,448290000.0,448.29,2024-01-09 15:00:00
CORN,2019,STATE,ND,NORTH DAKOTA,3500000.0,3.5,3130000.0,3.13,131.0,410030000.0,410.03,2024-01-09 15:00:00
CORN,2020,STATE,ND,NORTH DAKOTA,1950000.0,1.95,1780000.0,1.78,139.0,247420000.0,247.42,2024-01-09 15:00:00
CORN,2021,STATE,ND,NORTH DAKOTA,4100000.0,4.1,3630000.0,3.63,105.0,381150000.0,381.15,2024-01-09 15:00:00
CORN,2022,STATE,ND,NORTH DAKOTA,2950000.0,2.95,2650000.0,2.65,130.0,344500000.0,344.5,2024-01-09 15:00:00
CORN,2023,STATE,ND,NORTH DAKOTA,4050000.0,4.05,3800000.0,3.8,143.0,543400000.0,543.4,2024-09-30 12:00:00
CORN,2024,STATE,ND,NORTH DAKOTA,3950000.0,3.95,3640000.0,3.64,149.0,542360000.0,542.36,2025-09-30 12:00:00
CORN,2025,STATE,ND,NORTH DAKOTA,4700000.0,4.7,4500000.0,4.5,158.0,711000000.0,711.0,2026-01-12 12:00:00
CORN,2026,STATE,ND,NORTH DAKOTA,4400000.0,4.4,,,,,,2026-03-31 12:00:00
CORN,2015,STATE,NE,NEBRASKA,9400000.0,9.4,9150000.0,9.15,185.0,1692750000.0,1692.75,2019-02-06 15:00:06
CORN,2016,STATE,NE,NEBRASKA,9850000.0,9.85,9550000.0,9.55,178.0,1699900000.0,1699.9,2019-02-06 15:00:06
CORN,2017,STATE,NE,NEBRASKA,9550000.0,9.55,9300000.0,9.3,181.0,1683300000.0,1683.3,2019-02-06 15:00:06
CORN,2018,STATE,NE,NEBRASKA,9600000.0,9.6,9300000.0,9.3,192.0,1785600000.0,1785.6,2024-01-09 15:00:00
CORN,2019,STATE,NE,NEBRASKA,10100000.0,10.1,9810000.0,9.81,182.0,1785420000.0,1785.42,2024-01-09 15:00:00
CORN,2020,STATE,NE,NEBRASKA,10200000.0,10.2,9840000.0,9.84,180.0,1771200000.0,1771.2,2024-01-09 15:00:00
CORN,2021,STATE,NE,NEBRASKA,9900000.0,9.9,9560000.0,9.56,194.0,1854640000.0,1854.64,2024-01-09 15:00:00
CORN,2022,STATE,NE,NEBRASKA,9600000.0,9.6,8820000.0,8.82,165.0,1455300000.0,1455.3,2024-01-09 15:00:00
CORN,2023,STATE,NE,NEBRASKA,9950000.0,9.95,9500000.0,9.5,182.0,1729000000.0,1729.0,2024-09-30 12:00:00
CORN,2024,STATE,NE,NEBRASKA,10050000.0,10.05,9590000.0,9.59,188.0,1802920000.0,1802.92,2025-09-30 12:00:00
CORN,2025,STATE,NE,NEBRASKA,10750000.0,10.75,10450000.0,10.45,194.0,2027300000.0,2027.3,2026-01-12 12:00:00
CORN,2026,STATE,NE,NEBRASKA,10300000.0,10.3,,,,,,2026-03-31 12:00:00
CORN,2015,STATE,NH,NEW HAMPSHIRE,15000.0,0.015,,,,,,2019-02-06 15:00:06
CORN,2016,STATE,NH,NEW HAMPSHIRE,15000.0,0.015,,,,,,2019-02-06 15:00:06
CORN,2017,STATE,NH,NEW HAMPSHIRE,14000.0,0.014,,,,,,2019-02-06 15:00:06
CORN,2018,STATE,NH,NEW HAMPSHIRE,13000.0,0.013,,,,,,2024-01-09 15:00:00
CORN,2019,STATE,NH,NEW HAMPSHIRE,12000.0,0.012,,,,,,2024-01-09 15:00:00
CORN,2020,STATE,NH,NEW HAMPSHIRE,13000.0,0.013,,,,,,2024-01-09 15:00:00
CORN,2021,STATE,NH,NEW HAMPSHIRE,13000.0,0.013,,,,,,2024-01-09 15:00:00
CORN,2022,STATE,NH,NEW HAMPSHIRE,13000.0,0.013,,,,,,2024-01-09 15:00:00
CORN,2023,STATE,NH,NEW HAMPSHIRE,13000.0,0.013,,,,,,2024-09-30 12:00:00
CORN,2024,STATE,NH,NEW HAMPSHIRE,12000.0,0.012,,,,,,2025-09-30 12:00:00
CORN,2025,STATE,NH,NEW HAMPSHIRE,12000.0,0.012,,,,,,2026-01-12 12:00:00
CORN,2026,STATE,NH,NEW HAMPSHIRE,12000.0,0.012,,,,,,2026-03-31 12:00:00
CORN,2015,STATE,NJ,NEW JERSEY,80000.0,0.08,72000.0,0.072,147.0,10584000.0,10.584,2019-02-06 15:00:06
CORN,2016,STATE,NJ,NEW JERSEY,80000.0,0.08,71000.0,0.071,145.0,10295000.0,10.295,2019-02-06 15:00:06
CORN,2017,STATE,NJ,NEW JERSEY,77000.0,0.077,70000.0,0.07,167.0,11690000.0,11.69,2019-02-06 15:00:06
CORN,2018,STATE,NJ,NEW JERSEY,70000.0,0.07,60000.0,0.06,141.0,8460000.0,8.46,2024-01-09 15:00:00
CORN,2019,STATE,NJ,NEW JERSEY,77000.0,0.077,68000.0,0.068,155.0,10540000.0,10.54,2024-01-09 15:00:00
CORN,2020,STATE,NJ,NEW JERSEY,80000.0,0.08,73000.0,0.073,156.0,11388000.0,11.388,2024-01-09 15:00:00
CORN,2021,STATE,NJ,NEW JERSEY,75000.0,0.075,69000.0,0.069,163.0,11247000.0,11.247,2024-01-09 15:00:00
CORN,2022,STATE,NJ,NEW JERSEY,68000.0,0.068,58000.0,0.058,114.0,6612000.0,6.612,2024-01-09 15:00:00
CORN,2023,STATE,NJ,NEW JERSEY,74000.0,0.074,65000.0,0.065,168.0,10920000.0,10.92,2024-09-30 12:00:00
CORN,2024,STATE,NJ,NEW JERSEY,72000.0,0.072,61000.0,0.061,157.0,9577000.0,9.577,2025-09-30 12:00:00
CORN,2025,STATE,NJ,NEW JERSEY,75000.0,0.075,66000.0,0.066,161.0,10626000.0,10.626,2026-01-12 12:00:00
CORN,2026,STATE,NJ,NEW JERSEY,73000.0,0.073,,,,,,2026-03-31 12:00:00
CORN,2015,STATE,NM,NEW MEXICO,125000.0,0.125,40000.0,0.04,180.0,7200000.0,7.2,2019-02-06 15:00:06
CORN,2016,STATE,NM,NEW MEXICO,120000.0,0.12,41000.0,0.041,150.0,6150000.0,6.15,2019-02-06 15:00:06
CORN,2017,STATE,NM,NEW MEXICO,125000.0,0.125,43000.0,0.043,134.0,5762000.0,5.762,2019-02-06 15:00:06
CORN,2018,STATE,NM,NEW MEXICO,135000.0,0.135,35000.0,0.035,187.0,6545000.0,6.545,2024-01-09 15:00:00
CORN,2019,STATE,NM,NEW MEXICO,150000.0,0.15,48000.0,0.048,135.0,6480000.0,6.48,2024-01-09 15:00:00
CORN,2020,STATE,NM,NEW MEXICO,125000.0,0.125,37000.0,0.037,195.0,7215000.0,7.215,2024-01-09 15:00:00
CORN,2021,STATE,NM,NEW MEXICO,120000.0,0.12,39000.0,0.039,184.0,7176000.0,7.176,2024-01-09 15:00:00
CORN,2022,STATE,NM,NEW MEXICO,100000.0,0.1,36000.0,0.036,149.0,5364000.0,5.364,2024-01-09 15:00:00
CORN,2023,STATE,NM,NEW MEXICO,125000.0,0.125,47000.0,0.047,155.0,7285000.0,7.285,2024-09-30 12:00:00
CORN,2024,STATE,NM,NEW MEXICO,105000.0,0.105,49000.0,0.049,157.0,7693000.0,7.693,2025-09-30 12:00:00
CORN,2025,STATE,NM,NEW MEXICO,105000.0,0.105,44000.0,0.044,173.0,7612000.0,7.612,2026-01-12 12:00:00
CORN,2026,STATE,NM,NEW MEXICO,110000.0,0.11,,,,,,2026-03-31 12:00:00
CORN,2015,STATE,NV,NEVADA,2000.0,0.002,,,,,,2019-02-06 15:00:06
CORN,2016,STATE,NV,NEVADA,11000.0,0.011,,,,,,2019-02-06 15:00:06
CORN,2017,STATE,NV,NEVADA,12000.0,0.012,,,,,,2019-02-06 15:00:06
CORN,2018,STATE,NV,NEVADA,13000.0,0.013,,,,,,2024-01-09 15:00:00
CORN,2019,STATE,NV,NEVADA,15000.0,0.015,,,,,,2024-01-09 15:00:00
CORN,2020,STATE,NV,NEVADA,13000.0,0.013,,,,,,2024-01-09 15:00:00
CORN,2021,STATE,NV,NEVADA,13000.0,0.013,,,,,,2024-01-09 15:00:00
CORN,2022,STATE,NV,NEVADA,12000.0,0.012,,,,,,2024-01-09 15:00:00
CORN,2023,STATE,NV,NEVADA,13000.0,0.013,,,,,,2024-09-30 12:00:00
CORN,2024,STATE,NV,NEVADA,20000.0,0.02,,,,,,2025-09-30 12:00:00
CORN,2025,STATE,NV,NEVADA,26000.0,0.026,,,,,,2026-01-12 12:00:00
CORN,2026,STATE,NV,NEVADA,30000.0,0.03,,,,,,2026-03-31 12:00:00
CORN,2015,STATE,NY,NEW YORK,1080000.0,1.08,590000.0,0.59,143.0,84370000.0,84.37,2019-02-06 15:00:06
CORN,2016,STATE,NY,NEW YORK,1100000.0,1.1,570000.0,0.57,129.0,73530000.0,73.53,2019-02-06 15:00:06
CORN,2017,STATE,NY,NEW YORK,1000000.0,1.0,485000.0,0.485,161.0,78085000.0,78.085,2019-02-06 15:00:06
CORN,2018,STATE,NY,NEW YORK,1070000.0,1.07,605000.0,0.605,159.0,96195000.0,96.195,2024-01-09 15:00:00
CORN,2019,STATE,NY,NEW YORK,970000.0,0.97,520000.0,0.52,158.0,82160000.0,82.16,2024-01-09 15:00:00
CORN,2020,STATE,NY,NEW YORK,1030000.0,1.03,550000.0,0.55,157.0,86350000.0,86.35,2024-01-09 15:00:00
CORN,2021,STATE,NY,NEW YORK,1030000.0,1.03,575000.0,0.575,167.0,96025000.0,96.025,2024-01-09 15:00:00
CORN,2022,STATE,NY,NEW YORK,1010000.0,1.01,565000.0,0.565,142.0,80230000.0,80.23,2024-01-09 15:00:00
CORN,2023,STATE,NY,NEW YORK,1040000.0,1.04,600000.0,0.6,159.0,95400000.0,95.4,2024-09-30 12:00:00
CORN,2024,STATE,NY,NEW YORK,1020000.0,1.02,555000.0,0.555,169.0,93795000.0,93.795,2025-09-30 12:00:00
CORN,2025,STATE,NY,NEW YORK,970000.0,0.97,450000.0,0.45,140.0,63000000.0,63.0,2026-01-12 12:00:00
CORN,2026,STATE,NY,NEW YORK,1010000.0,1.01,,,,,,2026-03-31 12:00:00
CORN,2015,STATE,OH,OHIO,3550000.0,3.55,3260000.0,3.26,153.0,498780000.0,498.78,2019-02-06 15:00:06
CORN,2016,STATE,OH,OHIO,3550000.0,3.55,3300000.0,3.3,159.0,524700000.0,524.7,2019-02-06 15:00:06
CORN,2017,STATE,OH,OHIO,3400000.0,3.4,3150000.0,3.15,177.0,557550000.0,557.55,2019-03-21 15:28:35
CORN,2018,STATE,OH,OHIO,3500000.0,3.5,3300000.0,3.3,187.0,617100000.0,617.1,2024-01-09 15:00:00
CORN,2019,STATE,OH,OHIO,2800000.0,2.8,2570000.0,2.57,164.0,421480000.0,421.48,2024-01-09 15:00:00
CORN,2020,STATE,OH,OHIO,3550000.0,3.55,3300000.0,3.3,171.0,564300000.0,564.3,2024-01-09 15:00:00
CORN,2021,STATE,OH,OHIO,3550000.0,3.55,3340000.0,3.34,193.0,644620000.0,644.62,2024-01-09 15:00:00
CORN,2022,STATE,OH,OHIO,3400000.0,3.4,3180000.0,3.18,187.0,594660000.0,594.66,2024-01-09 15:00:00
CORN,2023,STATE,OH,OHIO,3600000.0,3.6,3400000.0,3.4,198.0,673200000.0,673.2,2024-09-30 12:00:00
CORN,2024,STATE,OH,OHIO,3400000.0,3.4,3200000.0,3.2,177.0,566400000.0,566.4,2025-09-30 12:00:00
CORN,2025,STATE,OH,OHIO,3400000.0,3.4,3160000.0,3.16,185.0,584600000.0,584.6,2026-01-12 12:00:00
CORN,2026,STATE,OH,OHIO,3400000.0,3.4,,,,,,2026-03-31 12:00:00
CORN,2015,STATE,OK,OKLAHOMA,310000.0,0.31,280000.0,0.28,129.0,36120000.0,36.12,2019-02-06 15:00:06
CORN,2016,STATE,OK,OKLAHOMA,400000.0,0.4,350000.0,0.35,121.0,42350000.0,42.35,2019-02-06 15:00:06
CORN,2017,STATE,OK,OKLAHOMA,350000.0,0.35,305000.0,0.305,126.0,38430000.0,38.43,2019-02-06 15:00:06
CORN,2018,STATE,OK,OKLAHOMA,310000.0,0.31,270000.0,0.27,134.0,36180000.0,36.18,2024-01-09 15:00:00
CORN,2019,STATE,OK,OKLAHOMA,370000.0,0.37,330000.0,0.33,137.0,45210000.0,45.21,2024-01-09 15:00:00
CORN,2020,STATE,OK,OKLAHOMA,360000.0,0.36,320000.0,0.32,135.0,43200000.0,43.2,2024-01-09 15:00:00
CORN,2021,STATE,OK,OKLAHOMA,340000.0,0.34,295000.0,0.295,150.0,44250000.0,44.25,2024-01-09 15:00:00
CORN,2022,STATE,OK,OKLAHOMA,350000.0,0.35,200000.0,0.2,122.0,24400000.0,24.4,2024-01-09 15:00:00
CORN,2023,STATE,OK,OKLAHOMA,390000.0,0.39,340000.0,0.34,149.0,50660000.0,50.66,2024-09-30 12:00:00
CORN,2024,STATE,OK,OKLAHOMA,450000.0,0.45,410000.0,0.41,98.0,40180000.0,40.18,2025-09-30 12:00:00
CORN,2025,STATE,OK,OKLAHOMA,540000.0,0.54,495000.0,0.495,122.0,60390000.0,60.39,2026-01-12 12:00:00
CORN,2026,STATE,OK,OKLAHOMA,520000.0,0.52,,,,,,2026-03-31 12:00:00
CORN,2015,STATE,OR,OREGON,65000.0,0.065,30000.0,0.03,188.0,5640000.0,5.64,2019-02-06 15:00:06
CORN,2016,STATE,OR,OREGON,80000.0,0.08,39000.0,0.039,230.0,8970000.0,8.97,2019-02-06 15:00:06
CORN,2017,STATE,OR,OREGON,85000.0,0.085,44000.0,0.044,212.0,9328000.0,9.328,2019-02-06 15:00:06
CORN,2018,STATE,OR,OREGON,75000.0,0.075,40000.0,0.04,195.0,7800000.0,7.8,2024-01-09 15:00:00
CORN,2019,STATE,OR,OREGON,85000.0,0.085,49000.0,0.049,237.0,11613000.0,11.613,2024-01-09 15:00:00
CORN,2020,STATE,OR,OREGON,100000.0,0.1,65000.0,0.065,241.0,15665000.0,15.665,2024-01-09 15:00:00
CORN,2021,STATE,OR,OREGON,95000.0,0.095,55000.0,0.055,240.0,13200000.0,13.2,2024-01-09 15:00:00
CORN,2022,STATE,OR,OREGON,80000.0,0.08,45000.0,0.045,237.0,10665000.0,10.665,2024-01-09 15:00:00
CORN,2023,STATE,OR,OREGON,95000.0,0.095,55000.0,0.055,214.0,11770000.0,11.77,2024-09-30 12:00:00
CORN,2024,STATE,OR,OREGON,110000.0,0.11,63000.0,0.063,208.0,13104000.0,13.104,2025-09-30 12:00:00
CORN,2025,STATE,OR,OREGON,105000.0,0.105,75000.0,0.075,236.0,17700000.0,17.7,2026-01-12 12:00:00
CORN,2026,STATE,OR,OREGON,80000.0,0.08,,,,,,2026-03-31 12:00:00
CORN,2015,STATE,OT,OTHER STATES,0.0,0.0,0.0,0.0,0.0,0.0,0.0,2016-01-12 13:18:01
CORN,2016,STATE,OT,OTHER STATES,0.0,0.0,0.0,0.0,0.0,0.0,0.0,2018-01-23 08:13:26
CORN,2017,STATE,OT,OTHER STATES,0.0,0.0,0.0,0.0,0.0,0.0,0.0,2018-01-12 12:02:42
CORN,2018,STATE,OT,OTHER STATES,0.0,0.0,0.0,0.0,0.0,0.0,0.0,2024-01-09 15:00:00
CORN,2019,STATE,OT,OTHER STATES,0.0,0.0,0.0,0.0,0.0,0.0,0.0,2024-01-09 15:00:00
CORN,2020,STATE,OT,OTHER STATES,0.0,0.0,0.0,0.0,0.0,0.0,0.0,2024-01-09 15:00:00
CORN,2021,STATE,OT,OTHER STATES,0.0,0.0,0.0,0.0,0.0,0.0,0.0,2024-01-09 15:00:00
CORN,2022,STATE,OT,OTHER STATES,0.0,0.0,0.0,0.0,0.0,0.0,0.0,2024-01-09 15:00:00
CORN,2023,STATE,OT,OTHER STATES,0.0,0.0,0.0,0.0,0.0,0.0,0.0,2024-09-30 12:00:00
CORN,2024,STATE,OT,OTHER STATES,767000.0,0.767,0.0,0.0,0.0,0.0,0.0,2025-01-10 12:00:00
CORN,2025,STATE,OT,OTHER STATES,,,0.0,0.0,0.0,0.0,0.0,2026-01-12 12:00:00
CORN,2015,STATE,PA,PENNSYLVANIA,1340000.0,1.34,940000.0,0.94,147.0,138180000.0,138.18,2019-02-06 15:00:06
CORN,2016,STATE,PA,PENNSYLVANIA,1400000.0,1.4,950000.0,0.95,129.0,122550000.0,122.55,2019-02-06 15:00:06
CORN,2017,STATE,PA,PENNSYLVANIA,1350000.0,1.35,920000.0,0.92,161.0,148120000.0,148.12,2019-02-06 15:00:06
CORN,2018,STATE,PA,PENNSYLVANIA,1250000.0,1.25,855000.0,0.855,140.0,119700000.0,119.7,2024-01-09 15:00:00
CORN,2019,STATE,PA,PENNSYLVANIA,1300000.0,1.3,930000.0,0.93,153.0,142290000.0,142.29,2024-01-09 15:00:00
CORN,2020,STATE,PA,PENNSYLVANIA,1320000.0,1.32,905000.0,0.905,138.0,124890000.0,124.89,2024-01-09 15:00:00
CORN,2021,STATE,PA,PENNSYLVANIA,1180000.0,1.18,850000.0,0.85,169.0,143650000.0,143.65,2024-01-09 15:00:00
CORN,2022,STATE,PA,PENNSYLVANIA,1020000.0,1.02,645000.0,0.645,140.0,90300000.0,90.3,2024-01-09 15:00:00
CORN,2023,STATE,PA,PENNSYLVANIA,1040000.0,1.04,680000.0,0.68,157.0,106760000.0,106.76,2024-09-30 12:00:00
CORN,2024,STATE,PA,PENNSYLVANIA,1050000.0,1.05,700000.0,0.7,138.0,96600000.0,96.6,2025-09-30 12:00:00
CORN,2025,STATE,PA,PENNSYLVANIA,1010000.0,1.01,680000.0,0.68,151.0,102680000.0,102.68,2026-01-12 12:00:00
CORN,2026,STATE,PA,PENNSYLVANIA,1000000.0,1.0,,,,,,2026-03-31 12:00:00
CORN,2015,STATE,RI,RHODE ISLAND,2000.0,0.002,,,,,,2019-02-06 15:00:06
CORN,2016,STATE,RI,RHODE ISLAND,2000.0,0.002,,,,,,2019-02-06 15:00:06
CORN,2017,STATE,RI,RHODE ISLAND,2000.0,0.002,,,,,,2019-02-06 15:00:06
CORN,2018,STATE,RI,RHODE ISLAND,2000.0,0.002,,,,,,2024-01-09 15:00:00
CORN,2019,STATE,RI,RHODE ISLAND,2000.0,0.002,,,,,,2024-01-09 15:00:00
CORN,2020,STATE,RI,RHODE ISLAND,2000.0,0.002,,,,,,2024-01-09 15:00:00
CORN,2021,STATE,RI,RHODE ISLAND,2000.0,0.002,,,,,,2024-01-09 15:00:00
CORN,2022,STATE,RI,RHODE ISLAND,2000.0,0.002,,,,,,2024-01-09 15:00:00
CORN,2023,STATE,RI,RHODE ISLAND,2000.0,0.002,,,,,,2024-09-30 12:00:00
CORN,2024,STATE,RI,RHODE ISLAND,2000.0,0.002,,,,,,2025-09-30 12:00:00
CORN,2025,STATE,RI,RHODE ISLAND,2000.0,0.002,,,,,,2026-01-12 12:00:00
CORN,2026,STATE,RI,RHODE ISLAND,2000.0,0.002,,,,,,2026-03-31 12:00:00
CORN,2015,STATE,SC,SOUTH CAROLINA,295000.0,0.295,260000.0,0.26,93.0,24180000.0,24.18,2019-02-06 15:00:06
CORN,2016,STATE,SC,SOUTH CAROLINA,375000.0,0.375,350000.0,0.35,127.0,44450000.0,44.45,2019-02-06 15:00:06
CORN,2017,STATE,SC,SOUTH CAROLINA,350000.0,0.35,325000.0,0.325,136.0,44200000.0,44.2,2019-02-06 15:00:06
CORN,2018,STATE,SC,SOUTH CAROLINA,340000.0,0.34,310000.0,0.31,127.0,39370000.0,39.37,2024-01-09 15:00:00
CORN,2019,STATE,SC,SOUTH CAROLINA,380000.0,0.38,350000.0,0.35,106.0,37100000.0,37.1,2024-01-09 15:00:00
CORN,2020,STATE,SC,SOUTH CAROLINA,390000.0,0.39,370000.0,0.37,132.0,48840000.0,48.84,2024-01-09 15:00:00
CORN,2021,STATE,SC,SOUTH CAROLINA,390000.0,0.39,370000.0,0.37,139.0,51430000.0,51.43,2024-01-09 15:00:00
CORN,2022,STATE,SC,SOUTH CAROLINA,320000.0,0.32,300000.0,0.3,122.0,36600000.0,36.6,2024-01-09 15:00:00
CORN,2023,STATE,SC,SOUTH CAROLINA,365000.0,0.365,350000.0,0.35,150.0,52500000.0,52.5,2024-09-30 12:00:00
CORN,2024,STATE,SC,SOUTH CAROLINA,340000.0,0.34,305000.0,0.305,101.0,30805000.0,30.805,2025-09-30 12:00:00
CORN,2025,STATE,SC,SOUTH CAROLINA,390000.0,0.39,370000.0,0.37,138.0,51060000.0,51.06,2026-01-12 12:00:00
CORN,2026,STATE,SC,SOUTH CAROLINA,380000.0,0.38,,,,,,2026-03-31 12:00:00
CORN,2015,STATE,SD,SOUTH DAKOTA,5400000.0,5.4,5030000.0,5.03,159.0,799770000.0,799.77,2019-02-06 15:00:06
CORN,2016,STATE,SD,SOUTH DAKOTA,5600000.0,5.6,5130000.0,5.13,161.0,825930000.0,825.93,2019-02-06 15:00:06
CORN,2017,STATE,SD,SOUTH DAKOTA,5700000.0,5.7,5080000.0,5.08,145.0,736600000.0,736.6,2019-02-06 15:00:06
CORN,2018,STATE,SD,SOUTH DAKOTA,5300000.0,5.3,4860000.0,4.86,160.0,777600000.0,777.6,2024-01-09 15:00:00
CORN,2019,STATE,SD,SOUTH DAKOTA,4350000.0,4.35,3870000.0,3.87,144.0,557280000.0,557.28,2024-01-09 15:00:00
CORN,2020,STATE,SD,SOUTH DAKOTA,4900000.0,4.9,4450000.0,4.45,162.0,720900000.0,720.9,2024-01-09 15:00:00
CORN,2021,STATE,SD,SOUTH DAKOTA,6150000.0,6.15,5480000.0,5.48,134.0,734320000.0,734.32,2024-01-09 15:00:00
CORN,2022,STATE,SD,SOUTH DAKOTA,5750000.0,5.75,5010000.0,5.01,132.0,661320000.0,661.32,2024-01-09 15:00:00
CORN,2023,STATE,SD,SOUTH DAKOTA,6300000.0,6.3,5620000.0,5.62,152.0,854240000.0,854.24,2024-09-30 12:00:00
CORN,2024,STATE,SD,SOUTH DAKOTA,5900000.0,5.9,5390000.0,5.39,164.0,883960000.0,883.96,2025-09-30 12:00:00
CORN,2025,STATE,SD,SOUTH DAKOTA,6850000.0,6.85,6350000.0,6.35,171.0,1085850000.0,1085.85,2026-01-12 12:00:00
CORN,2026,STATE,SD,SOUTH DAKOTA,6300000.0,6.3,,,,,,2026-03-31 12:00:00
CORN,2015,STATE,TN,TENNESSEE,780000.0,0.78,730000.0,0.73,160.0,116800000.0,116.8,2019-02-06 15:00:06
CORN,2016,STATE,TN,TENNESSEE,880000.0,0.88,830000.0,0.83,151.0,125330000.0,125.33,2019-02-06 15:00:06
CORN,2017,STATE,TN,TENNESSEE,750000.0,0.75,710000.0,0.71,171.0,121410000.0,121.41,2019-02-06 15:00:06
CORN,2018,STATE,TN,TENNESSEE,720000.0,0.72,670000.0,0.67,168.0,112560000.0,112.56,2024-01-09 15:00:00
CORN,2019,STATE,TN,TENNESSEE,970000.0,0.97,910000.0,0.91,177.0,161070000.0,161.07,2024-01-09 15:00:00
CORN,2020,STATE,TN,TENNESSEE,860000.0,0.86,815000.0,0.815,170.0,138550000.0,138.55,2024-01-09 15:00:00
CORN,2021,STATE,TN,TENNESSEE,990000.0,0.99,930000.0,0.93,170.0,158100000.0,158.1,2024-01-09 15:00:00
CORN,2022,STATE,TN,TENNESSEE,830000.0,0.83,785000.0,0.785,130.0,102050000.0,102.05,2024-01-09 15:00:00
CORN,2023,STATE,TN,TENNESSEE,940000.0,0.94,890000.0,0.89,173.0,153970000.0,153.97,2024-09-30 12:00:00
CORN,2024,STATE,TN,TENNESSEE,700000.0,0.7,660000.0,0.66,152.0,100320000.0,100.32,2025-09-30 12:00:00
CORN,2025,STATE,TN,TENNESSEE,930000.0,0.93,865000.0,0.865,162.0,140130000.0,140.13,2026-01-12 12:00:00
CORN,2026,STATE,TN,TENNESSEE,1000000.0,1.0,,,,,,2026-03-31 12:00:00
CORN,2015,STATE,TX,TEXAS,2300000.0,2.3,1970000.0,1.97,135.0,265950000.0,265.95,2019-02-06 15:00:06
CORN,2016,STATE,TX,TEXAS,2900000.0,2.9,2550000.0,2.55,127.0,323850000.0,323.85,2019-02-06 15:00:06
CORN,2017,STATE,TX,TEXAS,2450000.0,2.45,2240000.0,2.24,140.0,313600000.0,313.6,2019-02-06 15:00:06
CORN,2018,STATE,TX,TEXAS,2200000.0,2.2,1750000.0,1.75,108.0,189000000.0,189.0,2024-01-09 15:00:00
CORN,2019,STATE,TX,TEXAS,2500000.0,2.5,2150000.0,2.15,133.0,285950000.0,285.95,2024-01-09 15:00:00
CORN,2020,STATE,TX,TEXAS,2250000.0,2.25,1810000.0,1.81,128.0,231680000.0,231.68,2024-01-09 15:00:00
CORN,2021,STATE,TX,TEXAS,2150000.0,2.15,1850000.0,1.85,128.0,236800000.0,236.8,2024-01-09 15:00:00
CORN,2022,STATE,TX,TEXAS,2150000.0,2.15,1610000.0,1.61,95.0,152950000.0,152.95,2024-01-09 15:00:00
CORN,2023,STATE,TX,TEXAS,2500000.0,2.5,2100000.0,2.1,122.0,256200000.0,256.2,2024-09-30 12:00:00
CORN,2024,STATE,TX,TEXAS,2200000.0,2.2,1890000.0,1.89,112.0,211680000.0,211.68,2025-09-30 12:00:00
CORN,2025,STATE,TX,TEXAS,2500000.0,2.5,2140000.0,2.14,135.0,288900000.0,288.9,2026-01-12 12:00:00
CORN,2026,STATE,TX,TEXAS,2600000.0,2.6,,,,,,2026-03-31 12:00:00
CORN,2015,STATE,UT,UTAH,65000.0,0.065,17000.0,0.017,173.0,2941000.0,2.941,2019-02-06 15:00:06
CORN,2016,STATE,UT,UTAH,80000.0,0.08,29000.0,0.029,175.0,5075000.0,5.075,2019-02-06 15:00:06
CORN,2017,STATE,UT,UTAH,80000.0,0.08,20000.0,0.02,176.0,3520000.0,3.52,2019-02-06 15:00:06
CORN,2018,STATE,UT,UTAH,70000.0,0.07,22000.0,0.022,182.0,4004000.0,4.004,2024-01-09 15:00:00
CORN,2019,STATE,UT,UTAH,85000.0,0.085,26000.0,0.026,143.0,3718000.0,3.718,2024-01-09 15:00:00
CORN,2020,STATE,UT,UTAH,85000.0,0.085,29000.0,0.029,149.0,4321000.0,4.321,2024-01-09 15:00:00
CORN,2021,STATE,UT,UTAH,65000.0,0.065,17000.0,0.017,179.0,3043000.0,3.043,2024-01-09 15:00:00
CORN,2022,STATE,UT,UTAH,60000.0,0.06,14000.0,0.014,165.0,2310000.0,2.31,2024-01-09 15:00:00
CORN,2023,STATE,UT,UTAH,75000.0,0.075,27000.0,0.027,185.0,4995000.0,4.995,2024-09-30 12:00:00
CORN,2024,STATE,UT,UTAH,80000.0,0.08,27000.0,0.027,167.0,4509000.0,4.509,2025-09-30 12:00:00
CORN,2025,STATE,UT,UTAH,85000.0,0.085,33000.0,0.033,172.0,5676000.0,5.676,2026-01-12 12:00:00
CORN,2026,STATE,UT,UTAH,75000.0,0.075,,,,,,2026-03-31 12:00:00
CORN,2015,STATE,VA,VIRGINIA,450000.0,0.45,300000.0,0.3,161.0,48300000.0,48.3,2019-02-06 15:00:06
CORN,2016,STATE,VA,VIRGINIA,490000.0,0.49,340000.0,0.34,148.0,50320000.0,50.32,2019-02-06 15:00:06
CORN,2017,STATE,VA,VIRGINIA,500000.0,0.5,340000.0,0.34,140.0,47600000.0,47.6,2019-02-06 15:00:06
CORN,2018,STATE,VA,VIRGINIA,485000.0,0.485,325000.0,0.325,146.0,47450000.0,47.45,2024-01-09 15:00:00
CORN,2019,STATE,VA,VIRGINIA,540000.0,0.54,380000.0,0.38,144.0,54720000.0,54.72,2024-01-09 15:00:00
CORN,2020,STATE,VA,VIRGINIA,540000.0,0.54,405000.0,0.405,122.0,49410000.0,49.41,2024-01-09 15:00:00
CORN,2021,STATE,VA,VIRGINIA,490000.0,0.49,345000.0,0.345,160.0,55200000.0,55.2,2024-01-09 15:00:00
CORN,2022,STATE,VA,VIRGINIA,430000.0,0.43,325000.0,0.325,167.0,54275000.0,54.275,2024-01-09 15:00:00
CORN,2023,STATE,VA,VIRGINIA,495000.0,0.495,370000.0,0.37,157.0,58090000.0,58.09,2024-09-30 12:00:00
CORN,2024,STATE,VA,VIRGINIA,460000.0,0.46,290000.0,0.29,114.0,33060000.0,33.06,2025-09-30 12:00:00
CORN,2025,STATE,VA,VIRGINIA,470000.0,0.47,350000.0,0.35,168.0,58800000.0,58.8,2026-01-12 12:00:00
CORN,2026,STATE,VA,VIRGINIA,450000.0,0.45,,,,,,2026-03-31 12:00:00
CORN,2015,STATE,VT,VERMONT,92000.0,0.092,,,,,,2019-02-06 15:00:06
CORN,2016,STATE,VT,VERMONT,90000.0,0.09,,,,,,2019-02-06 15:00:06
CORN,2017,STATE,VT,VERMONT,82000.0,0.082,,,,,,2019-02-06 15:00:06
CORN,2018,STATE,VT,VERMONT,85000.0,0.085,,,,,,2024-01-09 15:00:00
CORN,2019,STATE,VT,VERMONT,81000.0,0.081,,,,,,2024-01-09 15:00:00
CORN,2020,STATE,VT,VERMONT,85000.0,0.085,,,,,,2024-01-09 15:00:00
CORN,2021,STATE,VT,VERMONT,85000.0,0.085,,,,,,2024-01-09 15:00:00
CORN,2022,STATE,VT,VERMONT,90000.0,0.09,,,,,,2024-01-09 15:00:00
CORN,2023,STATE,VT,VERMONT,89000.0,0.089,,,,,,2024-09-30 12:00:00
CORN,2024,STATE,VT,VERMONT,94000.0,0.094,,,,,,2025-09-30 12:00:00
CORN,2025,STATE,VT,VERMONT,95000.0,0.095,,,,,,2026-01-12 12:00:00
CORN,2026,STATE,VT,VERMONT,94000.0,0.094,,,,,,2026-03-31 12:00:00
CORN,2015,STATE,WA,WASHINGTON,170000.0,0.17,75000.0,0.075,215.0,16125000.0,16.125,2019-02-06 15:00:06
CORN,2016,STATE,WA,WASHINGTON,170000.0,0.17,85000.0,0.085,235.0,19975000.0,19.975,2019-02-06 15:00:06
CORN,2017,STATE,WA,WASHINGTON,170000.0,0.17,80000.0,0.08,225.0,18000000.0,18.0,2019-02-06 15:00:06
CORN,2018,STATE,WA,WASHINGTON,165000.0,0.165,84000.0,0.084,220.0,18480000.0,18.48,2024-01-09 15:00:00
CORN,2019,STATE,WA,WASHINGTON,170000.0,0.17,84000.0,0.084,237.0,19908000.0,19.908,2024-01-09 15:00:00
CORN,2020,STATE,WA,WASHINGTON,195000.0,0.195,85000.0,0.085,228.0,19380000.0,19.38,2024-01-09 15:00:00
CORN,2021,STATE,WA,WASHINGTON,165000.0,0.165,85000.0,0.085,248.0,21080000.0,21.08,2024-01-09 15:00:00
CORN,2022,STATE,WA,WASHINGTON,135000.0,0.135,80000.0,0.08,220.0,17600000.0,17.6,2024-01-09 15:00:00
CORN,2023,STATE,WA,WASHINGTON,160000.0,0.16,75000.0,0.075,240.0,18000000.0,18.0,2024-09-30 12:00:00
CORN,2024,STATE,WA,WASHINGTON,205000.0,0.205,103000.0,0.103,235.0,24205000.0,24.205,2025-09-30 12:00:00
CORN,2025,STATE,WA,WASHINGTON,200000.0,0.2,110000.0,0.11,251.0,27610000.0,27.61,2026-01-12 12:00:00
CORN,2026,STATE,WA,WASHINGTON,230000.0,0.23,,,,,,2026-03-31 12:00:00
CORN,2015,STATE,WI,WISCONSIN,4000000.0,4.0,3000000.0,3.0,164.0,492000000.0,492.0,2019-02-06 15:00:06
CORN,2016,STATE,WI,WISCONSIN,4050000.0,4.05,3220000.0,3.22,178.0,573160000.0,573.16,2019-02-06 15:00:06
CORN,2017,STATE,WI,WISCONSIN,3900000.0,3.9,2930000.0,2.93,174.0,509820000.0,509.82,2019-02-06 15:00:06
CORN,2018,STATE,WI,WISCONSIN,3900000.0,3.9,3170000.0,3.17,172.0,545240000.0,545.24,2024-01-09 15:00:00
CORN,2019,STATE,WI,WISCONSIN,3800000.0,3.8,2670000.0,2.67,166.0,443220000.0,443.22,2024-01-09 15:00:00
CORN,2020,STATE,WI,WISCONSIN,3950000.0,3.95,2930000.0,2.93,173.0,506890000.0,506.89,2024-01-09 15:00:00
CORN,2021,STATE,WI,WISCONSIN,3950000.0,3.95,3000000.0,3.0,180.0,540000000.0,540.0,2024-01-09 15:00:00
CORN,2022,STATE,WI,WISCONSIN,3900000.0,3.9,2990000.0,2.99,180.0,538200000.0,538.2,2024-01-09 15:00:00
CORN,2023,STATE,WI,WISCONSIN,4000000.0,4.0,3140000.0,3.14,176.0,552640000.0,552.64,2024-09-30 12:00:00
CORN,2024,STATE,WI,WISCONSIN,3750000.0,3.75,2960000.0,2.96,174.0,515040000.0,515.04,2025-09-30 12:00:00
CORN,2025,STATE,WI,WISCONSIN,4150000.0,4.15,3220000.0,3.22,188.0,605360000.0,605.36,2026-01-12 12:00:00
CORN,2026,STATE,WI,WISCONSIN,3700000.0,3.7,,,,,,2026-03-31 12:00:00
CORN,2015,STATE,WV,WEST VIRGINIA,50000.0,0.05,35000.0,0.035,148.0,5180000.0,5.18,2019-02-06 15:00:06
CORN,2016,STATE,WV,WEST VIRGINIA,49000.0,0.049,35000.0,0.035,145.0,5075000.0,5.075,2019-02-06 15:00:06
CORN,2017,STATE,WV,WEST VIRGINIA,50000.0,0.05,33000.0,0.033,152.0,5016000.0,5.016,2019-02-06 15:00:06
CORN,2018,STATE,WV,WEST VIRGINIA,46000.0,0.046,33000.0,0.033,152.0,5016000.0,5.016,2024-01-09 15:00:00
CORN,2019,STATE,WV,WEST VIRGINIA,52000.0,0.052,38000.0,0.038,165.0,6270000.0,6.27,2024-01-09 15:00:00
CORN,2020,STATE,WV,WEST VIRGINIA,46000.0,0.046,33000.0,0.033,144.0,4752000.0,4.752,2024-01-09 15:00:00
CORN,2021,STATE,WV,WEST VIRGINIA,45000.0,0.045,33000.0,0.033,144.0,4752000.0,4.752,2024-01-09 15:00:00
CORN,2022,STATE,WV,WEST VIRGINIA,40000.0,0.04,30000.0,0.03,168.0,5040000.0,5.04,2024-01-09 15:00:00
CORN,2023,STATE,WV,WEST VIRGINIA,44000.0,0.044,30000.0,0.03,145.0,4350000.0,4.35,2024-09-30 12:00:00
CORN,2024,STATE,WV,WEST VIRGINIA,41000.0,0.041,24000.0,0.024,110.0,2640000.0,2.64,2025-09-30 12:00:00
CORN,2025,STATE,WV,WEST VIRGINIA,41000.0,0.041,30000.0,0.03,153.0,4590000.0,4.59,2026-01-12 12:00:00
CORN,2026,STATE,WV,WEST VIRGINIA,50000.0,0.05,,,,,,2026-03-31 12:00:00
CORN,2015,STATE,WY,WYOMING,85000.0,0.085,59000.0,0.059,159.0,9381000.0,9.381,2019-02-06 15:00:06
CORN,2016,STATE,WY,WYOMING,100000.0,0.1,69000.0,0.069,147.0,10143000.0,10.143,2019-02-06 15:00:06
CORN,2017,STATE,WY,WYOMING,95000.0,0.095,63000.0,0.063,155.0,9765000.0,9.765,2019-02-06 15:00:06
CORN,2018,STATE,WY,WYOMING,95000.0,0.095,70000.0,0.07,164.0,11480000.0,11.48,2024-01-09 15:00:00
CORN,2019,STATE,WY,WYOMING,95000.0,0.095,67000.0,0.067,123.0,8241000.0,8.241,2024-01-09 15:00:00
CORN,2020,STATE,WY,WYOMING,95000.0,0.095,54000.0,0.054,122.0,6588000.0,6.588,2024-01-09 15:00:00
CORN,2021,STATE,WY,WYOMING,95000.0,0.095,79000.0,0.079,132.0,10428000.0,10.428,2024-01-09 15:00:00
CORN,2022,STATE,WY,WYOMING,95000.0,0.095,56000.0,0.056,153.0,8568000.0,8.568,2024-01-09 15:00:00
CORN,2023,STATE,WY,WYOMING,85000.0,0.085,57000.0,0.057,153.0,8721000.0,8.721,2024-09-30 12:00:00
CORN,2024,STATE,WY,WYOMING,85000.0,0.085,65000.0,0.065,155.0,10075000.0,10.075,2025-09-30 12:00:00
CORN,2025,STATE,WY,WYOMING,85000.0,0.085,55000.0,0.055,145.0,7975000.0,7.975,2026-01-12 12:00:00
CORN,2026,STATE,WY,WYOMING,85000.0,0.085,,,,,,2026-03-31 12:00:00
SOYBEANS,2015,NATIONAL,US,US TOTAL,82660000.0,82.66,81742000.0,81.742,48.0,3926779000.0,3926.779,2019-02-06 15:00:06
SOYBEANS,2016,NATIONAL,US,US TOTAL,83453000.0,83.453,82706000.0,82.706,51.9,4296496000.0,4296.496,2019-02-06 15:00:06
SOYBEANS,2017,NATIONAL,US,US TOTAL,90162000.0,90.162,89542000.0,89.542,49.3,4411633000.0,4411.633,2019-02-06 15:00:06
SOYBEANS,2018,NATIONAL,US,US TOTAL,89167000.0,89.167,87594000.0,87.594,50.6,4428150000.0,4428.15,2024-01-09 15:00:00
SOYBEANS,2019,NATIONAL,US,US TOTAL,76100000.0,76.1,74918000.0,74.918,47.4,3551070000.0,3551.07,2024-01-09 15:00:00
SOYBEANS,2020,NATIONAL,US,US TOTAL,83354000.0,83.354,82603000.0,82.603,51.0,4216302000.0,4216.302,2024-01-09 15:00:00
SOYBEANS,2021,NATIONAL,US,US TOTAL,87195000.0,87.195,86292000.0,86.292,51.7,4464492000.0,4464.492,2024-01-09 15:00:00
SOYBEANS,2022,NATIONAL,US,US TOTAL,87450000.0,87.45,86174000.0,86.174,49.6,4270381000.0,4270.381,2024-01-09 15:00:00
SOYBEANS,2023,NATIONAL,US,US TOTAL,83600000.0,83.6,82271000.0,82.271,50.6,4162057000.0,4162.057,2024-09-30 12:00:00
SOYBEANS,2024,NATIONAL,US,US TOTAL,87260000.0,87.26,86208000.0,86.208,50.7,4374228000.0,4374.228,2025-09-30 12:00:00
SOYBEANS,2025,NATIONAL,US,US TOTAL,81215000.0,81.215,80437000.0,80.437,53.0,4261858000.0,4261.858,2026-01-12 12:00:00
SOYBEANS,2026,NATIONAL,US,US TOTAL,84700000.0,84.7,,,,,,2026-03-31 12:00:00
SOYBEANS,2015,STATE,AL,ALABAMA,500000.0,0.5,490000.0,0.49,41.0,20090000.0,20.09,2019-02-06 15:00:06
SOYBEANS,2016,STATE,AL,ALABAMA,420000.0,0.42,410000.0,0.41,32.0,13120000.0,13.12,2019-02-06 15:00:06
SOYBEANS,2017,STATE,AL,ALABAMA,350000.0,0.35,345000.0,0.345,46.0,15870000.0,15.87,2019-02-06 15:00:06
SOYBEANS,2018,STATE,AL,ALABAMA,345000.0,0.345,335000.0,0.335,40.0,13400000.0,13.4,2024-01-09 15:00:00
SOYBEANS,2019,STATE,AL,ALABAMA,265000.0,0.265,260000.0,0.26,36.0,9360000.0,9.36,2024-01-09 15:00:00
SOYBEANS,2020,STATE,AL,ALABAMA,280000.0,0.28,275000.0,0.275,41.0,11275000.0,11.275,2024-01-09 15:00:00
SOYBEANS,2021,STATE,AL,ALABAMA,310000.0,0.31,305000.0,0.305,46.0,14030000.0,14.03,2024-01-09 15:00:00
SOYBEANS,2022,STATE,AL,ALABAMA,360000.0,0.36,355000.0,0.355,41.0,14555000.0,14.555,2024-01-09 15:00:00
SOYBEANS,2023,STATE,AL,ALABAMA,350000.0,0.35,340000.0,0.34,43.0,14620000.0,14.62,2024-09-30 12:00:00
SOYBEANS,2024,STATE,AL,ALABAMA,360000.0,0.36,350000.0,0.35,31.0,10850000.0,10.85,2025-09-30 12:00:00
SOYBEANS,2025,STATE,AL,ALABAMA,295000.0,0.295,290000.0,0.29,37.0,10730000.0,10.73,2026-01-12 12:00:00
SOYBEANS,2026,STATE,AL,ALABAMA,290000.0,0.29,,,,,,2026-03-31 12:00:00
SOYBEANS,2015,STATE,AR,ARKANSAS,3200000.0,3.2,3170000.0,3.17,49.0,155330000.0,155.33,2019-02-06 15:00:06
SOYBEANS,2016,STATE,AR,ARKANSAS,3130000.0,3.13,3090000.0,3.09,47.0,145230000.0,145.23,2019-10-01 15:11:43
SOYBEANS,2017,STATE,AR,ARKANSAS,3530000.0,3.53,3500000.0,3.5,51.0,178500000.0,178.5,2019-02-06 15:00:06
SOYBEANS,2018,STATE,AR,ARKANSAS,3270000.0,3.27,3210000.0,3.21,50.5,162105000.0,162.105,2024-01-09 15:00:00
SOYBEANS,2019,STATE,AR,ARKANSAS,2650000.0,2.65,2610000.0,2.61,49.0,127890000.0,127.89,2024-01-09 15:00:00
SOYBEANS,2020,STATE,AR,ARKANSAS,2820000.0,2.82,2800000.0,2.8,51.5,144200000.0,144.2,2024-01-09 15:00:00
SOYBEANS,2021,STATE,AR,ARKANSAS,3040000.0,3.04,3000000.0,3.0,52.0,156000000.0,156.0,2024-01-09 15:00:00
SOYBEANS,2022,STATE,AR,ARKANSAS,3180000.0,3.18,3140000.0,3.14,52.0,163280000.0,163.28,2024-01-09 15:00:00
SOYBEANS,2023,STATE,AR,ARKANSAS,2980000.0,2.98,2950000.0,2.95,54.0,159300000.0,159.3,2024-09-30 12:00:00
SOYBEANS,2024,STATE,AR,ARKANSAS,3050000.0,3.05,3020000.0,3.02,55.0,166100000.0,166.1,2025-09-30 12:00:00
SOYBEANS,2025,STATE,AR,ARKANSAS,2590000.0,2.59,2570000.0,2.57,55.0,141350000.0,141.35,2026-01-12 12:00:00
SOYBEANS,2026,STATE,AR,ARKANSAS,3100000.0,3.1,,,,,,2026-03-31 12:00:00
SOYBEANS,2015,STATE,DE,DELAWARE,175000.0,0.175,173000.0,0.173,40.0,6920000.0,6.92,2019-02-06 15:00:06
SOYBEANS,2016,STATE,DE,DELAWARE,165000.0,0.165,163000.0,0.163,41.5,6765000.0,6.765,2019-02-06 15:00:06
SOYBEANS,2017,STATE,DE,DELAWARE,160000.0,0.16,158000.0,0.158,51.0,8058000.0,8.058,2019-02-06 15:00:06
SOYBEANS,2018,STATE,DE,DELAWARE,170000.0,0.17,168000.0,0.168,41.5,6972000.0,6.972,2024-01-09 15:00:00
SOYBEANS,2019,STATE,DE,DELAWARE,155000.0,0.155,153000.0,0.153,47.0,7191000.0,7.191,2024-01-09 15:00:00
SOYBEANS,2020,STATE,DE,DELAWARE,150000.0,0.15,148000.0,0.148,49.0,7252000.0,7.252,2024-01-09 15:00:00
SOYBEANS,2021,STATE,DE,DELAWARE,155000.0,0.155,153000.0,0.153,51.0,7803000.0,7.803,2024-01-09 15:00:00
SOYBEANS,2022,STATE,DE,DELAWARE,160000.0,0.16,158000.0,0.158,43.0,6794000.0,6.794,2024-01-09 15:00:00
SOYBEANS,2023,STATE,DE,DELAWARE,150000.0,0.15,148000.0,0.148,46.0,6808000.0,6.808,2024-09-30 12:00:00
SOYBEANS,2024,STATE,DE,DELAWARE,155000.0,0.155,153000.0,0.153,45.0,6885000.0,6.885,2025-09-30 12:00:00
SOYBEANS,2025,STATE,DE,DELAWARE,140000.0,0.14,138000.0,0.138,49.0,6762000.0,6.762,2026-01-12 12:00:00
SOYBEANS,2026,STATE,DE,DELAWARE,145000.0,0.145,,,,,,2026-03-31 12:00:00
SOYBEANS,2015,STATE,FL,FLORIDA,33000.0,0.033,29000.0,0.029,38.0,1102000.0,1.102,2019-02-06 15:00:06
SOYBEANS,2016,STATE,FL,FLORIDA,31000.0,0.031,29000.0,0.029,36.0,1044000.0,1.044,2019-02-06 15:00:06
SOYBEANS,2017,STATE,FL,FLORIDA,15000.0,0.015,14000.0,0.014,34.0,476000.0,0.476,2019-02-06 15:00:06
SOYBEANS,2018,STATE,FL,FLORIDA,18000.0,0.018,12000.0,0.012,37.0,444000.0,0.444,2024-01-09 15:00:00
SOYBEANS,2015,STATE,GA,GEORGIA,325000.0,0.325,310000.0,0.31,43.0,13330000.0,13.33,2019-02-06 15:00:06
SOYBEANS,2016,STATE,GA,GEORGIA,260000.0,0.26,240000.0,0.24,30.0,7200000.0,7.2,2019-02-06 15:00:06
SOYBEANS,2017,STATE,GA,GEORGIA,155000.0,0.155,150000.0,0.15,42.0,6300000.0,6.3,2019-02-06 15:00:06
SOYBEANS,2018,STATE,GA,GEORGIA,145000.0,0.145,130000.0,0.13,39.5,5135000.0,5.135,2024-01-09 15:00:00
SOYBEANS,2019,STATE,GA,GEORGIA,100000.0,0.1,86000.0,0.086,29.0,2494000.0,2.494,2024-01-09 15:00:00
SOYBEANS,2020,STATE,GA,GEORGIA,100000.0,0.1,95000.0,0.095,41.0,3895000.0,3.895,2024-01-09 15:00:00
SOYBEANS,2021,STATE,GA,GEORGIA,140000.0,0.14,135000.0,0.135,46.0,6210000.0,6.21,2024-01-09 15:00:00
SOYBEANS,2022,STATE,GA,GEORGIA,165000.0,0.165,158000.0,0.158,41.0,6478000.0,6.478,2024-01-09 15:00:00
SOYBEANS,2023,STATE,GA,GEORGIA,160000.0,0.16,155000.0,0.155,43.0,6665000.0,6.665,2024-09-30 12:00:00
SOYBEANS,2024,STATE,GA,GEORGIA,170000.0,0.17,158000.0,0.158,47.0,7426000.0,7.426,2025-09-30 12:00:00
SOYBEANS,2025,STATE,GA,GEORGIA,155000.0,0.155,150000.0,0.15,49.0,7350000.0,7.35,2026-01-12 12:00:00
SOYBEANS,2026,STATE,GA,GEORGIA,140000.0,0.14,,,,,,2026-03-31 12:00:00
SOYBEANS,2015,STATE,IA,IOWA,9850000.0,9.85,9800000.0,9.8,56.5,553700000.0,553.7,2019-02-06 15:00:06
SOYBEANS,2016,STATE,IA,IOWA,9500000.0,9.5,9440000.0,9.44,60.0,566400000.0,566.4,2019-02-06 15:00:06
SOYBEANS,2017,STATE,IA,IOWA,10000000.0,10.0,9940000.0,9.94,57.0,566580000.0,566.58,2019-03-21 15:28:35
SOYBEANS,2018,STATE,IA,IOWA,9950000.0,9.95,9830000.0,9.83,56.0,550480000.0,550.48,2024-01-09 15:00:00
SOYBEANS,2019,STATE,IA,IOWA,9200000.0,9.2,9120000.0,9.12,55.0,501600000.0,501.6,2024-01-09 15:00:00
SOYBEANS,2020,STATE,IA,IOWA,9450000.0,9.45,9370000.0,9.37,54.0,505980000.0,505.98,2024-01-09 15:00:00
SOYBEANS,2021,STATE,IA,IOWA,10100000.0,10.1,10030000.0,10.03,63.0,631890000.0,631.89,2024-01-09 15:00:00
SOYBEANS,2022,STATE,IA,IOWA,10100000.0,10.1,10030000.0,10.03,58.5,586755000.0,586.755,2024-01-09 15:00:00
SOYBEANS,2023,STATE,IA,IOWA,9950000.0,9.95,9880000.0,9.88,58.0,573040000.0,573.04,2024-09-30 12:00:00
SOYBEANS,2024,STATE,IA,IOWA,10050000.0,10.05,9960000.0,9.96,60.0,597600000.0,597.6,2025-09-30 12:00:00
SOYBEANS,2025,STATE,IA,IOWA,9450000.0,9.45,9380000.0,9.38,63.5,595630000.0,595.63,2026-01-12 12:00:00
SOYBEANS,2026,STATE,IA,IOWA,9900000.0,9.9,,,,,,2026-03-31 12:00:00
SOYBEANS,2015,STATE,IL,ILLINOIS,9800000.0,9.8,9720000.0,9.72,56.0,544320000.0,544.32,2019-02-06 15:00:06
SOYBEANS,2016,STATE,IL,ILLINOIS,10100000.0,10.1,10050000.0,10.05,59.0,592950000.0,592.95,2019-02-06 15:00:06
SOYBEANS,2017,STATE,IL,ILLINOIS,10600000.0,10.6,10550000.0,10.55,58.0,611900000.0,611.9,2019-02-06 15:00:06
SOYBEANS,2018,STATE,IL,ILLINOIS,10800000.0,10.8,10500000.0,10.5,63.5,666750000.0,666.75,2024-01-09 15:00:00
SOYBEANS,2019,STATE,IL,ILLINOIS,9950000.0,9.95,9860000.0,9.86,54.0,532440000.0,532.44,2024-01-09 15:00:00
SOYBEANS,2020,STATE,IL,ILLINOIS,10300000.0,10.3,10250000.0,10.25,60.0,615000000.0,615.0,2024-01-09 15:00:00
SOYBEANS,2021,STATE,IL,ILLINOIS,10600000.0,10.6,10510000.0,10.51,65.0,683150000.0,683.15,2024-01-09 15:00:00
SOYBEANS,2022,STATE,IL,ILLINOIS,10800000.0,10.8,10750000.0,10.75,63.0,677250000.0,677.25,2024-01-09 15:00:00
SOYBEANS,2023,STATE,IL,ILLINOIS,10350000.0,10.35,10300000.0,10.3,63.0,648900000.0,648.9,2024-09-30 12:00:00
SOYBEANS,2024,STATE,IL,ILLINOIS,10800000.0,10.8,10750000.0,10.75,64.0,688000000.0,688.0,2025-09-30 12:00:00
SOYBEANS,2025,STATE,IL,ILLINOIS,10300000.0,10.3,10230000.0,10.23,62.5,639375000.0,639.375,2026-01-12 12:00:00
SOYBEANS,2026,STATE,IL,ILLINOIS,10500000.0,10.5,,,,,,2026-03-31 12:00:00
SOYBEANS,2015,STATE,IN,INDIANA,5550000.0,5.55,5500000.0,5.5,50.0,275000000.0,275.0,2019-02-06 15:00:06
SOYBEANS,2016,STATE,IN,INDIANA,5650000.0,5.65,5630000.0,5.63,57.5,323725000.0,323.725,2019-02-06 15:00:06
SOYBEANS,2017,STATE,IN,INDIANA,5950000.0,5.95,5940000.0,5.94,54.0,320760000.0,320.76,2019-02-06 15:00:06
SOYBEANS,2018,STATE,IN,INDIANA,6000000.0,6.0,5960000.0,5.96,57.5,342700000.0,342.7,2024-01-09 15:00:00
SOYBEANS,2019,STATE,IN,INDIANA,5400000.0,5.4,5360000.0,5.36,51.0,273360000.0,273.36,2024-01-09 15:00:00
SOYBEANS,2020,STATE,IN,INDIANA,5750000.0,5.75,5730000.0,5.73,59.0,338070000.0,338.07,2024-01-09 15:00:00
SOYBEANS,2021,STATE,IN,INDIANA,5650000.0,5.65,5640000.0,5.64,60.0,338400000.0,338.4,2024-01-09 15:00:00
SOYBEANS,2022,STATE,IN,INDIANA,5850000.0,5.85,5830000.0,5.83,57.5,335225000.0,335.225,2024-01-09 15:00:00
SOYBEANS,2023,STATE,IN,INDIANA,5500000.0,5.5,5480000.0,5.48,61.0,334280000.0,334.28,2024-09-30 12:00:00
SOYBEANS,2024,STATE,IN,INDIANA,5800000.0,5.8,5780000.0,5.78,59.0,341020000.0,341.02,2025-09-30 12:00:00
SOYBEANS,2025,STATE,IN,INDIANA,5450000.0,5.45,5430000.0,5.43,59.5,323085000.0,323.085,2026-01-12 12:00:00
SOYBEANS,2026,STATE,IN,INDIANA,5500000.0,5.5,,,,,,2026-03-31 12:00:00
SOYBEANS,2015,STATE,KS,KANSAS,3900000.0,3.9,3860000.0,3.86,38.5,148610000.0,148.61,2019-02-06 15:00:06
SOYBEANS,2016,STATE,KS,KANSAS,4050000.0,4.05,4010000.0,4.01,48.0,192480000.0,192.48,2019-02-06 15:00:06
SOYBEANS,2017,STATE,KS,KANSAS,5150000.0,5.15,5110000.0,5.11,37.5,191625000.0,191.625,2019-03-21 15:28:35
SOYBEANS,2018,STATE,KS,KANSAS,4750000.0,4.75,4690000.0,4.69,43.0,201670000.0,201.67,2024-01-09 15:00:00
SOYBEANS,2019,STATE,KS,KANSAS,4550000.0,4.55,4490000.0,4.49,41.5,186335000.0,186.335,2024-01-09 15:00:00
SOYBEANS,2020,STATE,KS,KANSAS,4800000.0,4.8,4750000.0,4.75,41.0,194750000.0,194.75,2024-01-09 15:00:00
SOYBEANS,2021,STATE,KS,KANSAS,4850000.0,4.85,4800000.0,4.8,40.0,192000000.0,192.0,2024-01-09 15:00:00
SOYBEANS,2022,STATE,KS,KANSAS,5050000.0,5.05,4720000.0,4.72,27.5,129800000.0,129.8,2024-01-09 15:00:00
SOYBEANS,2023,STATE,KS,KANSAS,4430000.0,4.43,3980000.0,3.98,26.0,103480000.0,103.48,2024-09-30 12:00:00
SOYBEANS,2024,STATE,KS,KANSAS,4550000.0,4.55,4430000.0,4.43,35.0,155050000.0,155.05,2025-09-30 12:00:00
SOYBEANS,2025,STATE,KS,KANSAS,4100000.0,4.1,4050000.0,4.05,48.5,196425000.0,196.425,2026-01-12 12:00:00
SOYBEANS,2026,STATE,KS,KANSAS,4400000.0,4.4,,,,,,2026-03-31 12:00:00
SOYBEANS,2015,STATE,KY,KENTUCKY,1840000.0,1.84,1810000.0,1.81,49.0,88690000.0,88.69,2019-02-06 15:00:06
SOYBEANS,2016,STATE,KY,KENTUCKY,1790000.0,1.79,1780000.0,1.78,50.0,89000000.0,89.0,2019-02-06 15:00:06
SOYBEANS,2017,STATE,KY,KENTUCKY,1950000.0,1.95,1940000.0,1.94,53.0,102820000.0,102.82,2019-02-06 15:00:06
SOYBEANS,2018,STATE,KY,KENTUCKY,1950000.0,1.95,1930000.0,1.93,51.0,98430000.0,98.43,2024-01-09 15:00:00
SOYBEANS,2019,STATE,KY,KENTUCKY,1700000.0,1.7,1680000.0,1.68,46.0,77280000.0,77.28,2024-01-09 15:00:00
SOYBEANS,2020,STATE,KY,KENTUCKY,1850000.0,1.85,1840000.0,1.84,55.0,101200000.0,101.2,2024-01-09 15:00:00
SOYBEANS,2021,STATE,KY,KENTUCKY,1850000.0,1.85,1840000.0,1.84,56.0,103040000.0,103.04,2024-01-09 15:00:00
SOYBEANS,2022,STATE,KY,KENTUCKY,1950000.0,1.95,1940000.0,1.94,51.0,98940000.0,98.94,2024-01-09 15:00:00
SOYBEANS,2023,STATE,KY,KENTUCKY,1830000.0,1.83,1820000.0,1.82,55.0,100100000.0,100.1,2024-09-30 12:00:00
SOYBEANS,2024,STATE,KY,KENTUCKY,2050000.0,2.05,2030000.0,2.03,48.0,97440000.0,97.44,2025-09-30 12:00:00
SOYBEANS,2025,STATE,KY,KENTUCKY,1800000.0,1.8,1790000.0,1.79,42.0,75180000.0,75.18,2026-01-12 12:00:00
SOYBEANS,2026,STATE,KY,KENTUCKY,1850000.0,1.85,,,,,,2026-03-31 12:00:00
SOYBEANS,2015,STATE,LA,LOUISIANA,1430000.0,1.43,1390000.0,1.39,41.0,56990000.0,56.99,2019-02-06 15:00:06
SOYBEANS,2016,STATE,LA,LOUISIANA,1230000.0,1.23,1190000.0,1.19,48.5,57715000.0,57.715,2019-02-06 15:00:06
SOYBEANS,2017,STATE,LA,LOUISIANA,1270000.0,1.27,1250000.0,1.25,54.0,67500000.0,67.5,2019-02-06 15:00:06
SOYBEANS,2018,STATE,LA,LOUISIANA,1340000.0,1.34,1190000.0,1.19,51.5,61285000.0,61.285,2024-01-09 15:00:00
SOYBEANS,2019,STATE,LA,LOUISIANA,890000.0,0.89,860000.0,0.86,48.0,41280000.0,41.28,2024-01-09 15:00:00
SOYBEANS,2020,STATE,LA,LOUISIANA,1050000.0,1.05,1020000.0,1.02,53.0,54060000.0,54.06,2024-01-09 15:00:00
SOYBEANS,2021,STATE,LA,LOUISIANA,1080000.0,1.08,1060000.0,1.06,52.0,55120000.0,55.12,2024-01-09 15:00:00
SOYBEANS,2022,STATE,LA,LOUISIANA,1260000.0,1.26,1210000.0,1.21,47.0,56870000.0,56.87,2024-01-09 15:00:00
SOYBEANS,2023,STATE,LA,LOUISIANA,1030000.0,1.03,980000.0,0.98,40.0,39200000.0,39.2,2024-09-30 12:00:00
SOYBEANS,2024,STATE,LA,LOUISIANA,1100000.0,1.1,1060000.0,1.06,52.0,55120000.0,55.12,2025-09-30 12:00:00
SOYBEANS,2025,STATE,LA,LOUISIANA,790000.0,0.79,770000.0,0.77,53.5,41195000.0,41.195,2026-01-12 12:00:00
SOYBEANS,2026,STATE,LA,LOUISIANA,860000.0,0.86,,,,,,2026-03-31 12:00:00
SOYBEANS,2015,STATE,MD,MARYLAND,520000.0,0.52,515000.0,0.515,40.0,20600000.0,20.6,2019-02-06 15:00:06
SOYBEANS,2016,STATE,MD,MARYLAND,520000.0,0.52,515000.0,0.515,41.5,21373000.0,21.373,2019-02-06 15:00:06
SOYBEANS,2017,STATE,MD,MARYLAND,500000.0,0.5,495000.0,0.495,51.0,25245000.0,25.245,2019-02-06 15:00:06
SOYBEANS,2018,STATE,MD,MARYLAND,530000.0,0.53,515000.0,0.515,47.5,24463000.0,24.463,2024-01-09 15:00:00
SOYBEANS,2019,STATE,MD,MARYLAND,480000.0,0.48,475000.0,0.475,44.0,20900000.0,20.9,2024-01-09 15:00:00
SOYBEANS,2020,STATE,MD,MARYLAND,485000.0,0.485,465000.0,0.465,47.0,21855000.0,21.855,2024-01-09 15:00:00
SOYBEANS,2021,STATE,MD,MARYLAND,490000.0,0.49,485000.0,0.485,53.0,25705000.0,25.705,2024-01-09 15:00:00
SOYBEANS,2022,STATE,MD,MARYLAND,520000.0,0.52,510000.0,0.51,43.0,21930000.0,21.93,2024-01-09 15:00:00
SOYBEANS,2023,STATE,MD,MARYLAND,470000.0,0.47,460000.0,0.46,47.0,21620000.0,21.62,2024-09-30 12:00:00
SOYBEANS,2024,STATE,MD,MARYLAND,495000.0,0.495,485000.0,0.485,44.0,21340000.0,21.34,2025-09-30 12:00:00
SOYBEANS,2025,STATE,MD,MARYLAND,465000.0,0.465,460000.0,0.46,44.0,20240000.0,20.24,2026-01-12 12:00:00
SOYBEANS,2026,STATE,MD,MARYLAND,460000.0,0.46,,,,,,2026-03-31 12:00:00
SOYBEANS,2015,STATE,MI,MICHIGAN,2030000.0,2.03,2020000.0,2.02,49.0,98980000.0,98.98,2019-02-06 15:00:06
SOYBEANS,2016,STATE,MI,MICHIGAN,2070000.0,2.07,2060000.0,2.06,50.5,104030000.0,104.03,2019-02-06 15:00:06
SOYBEANS,2017,STATE,MI,MICHIGAN,2280000.0,2.28,2270000.0,2.27,42.5,96475000.0,96.475,2019-02-06 15:00:06
SOYBEANS,2018,STATE,MI,MICHIGAN,2330000.0,2.33,2310000.0,2.31,47.5,109725000.0,109.725,2024-01-09 15:00:00
SOYBEANS,2019,STATE,MI,MICHIGAN,1760000.0,1.76,1720000.0,1.72,40.5,69660000.0,69.66,2024-01-09 15:00:00
SOYBEANS,2020,STATE,MI,MICHIGAN,2200000.0,2.2,2190000.0,2.19,48.0,105120000.0,105.12,2024-01-09 15:00:00
SOYBEANS,2021,STATE,MI,MICHIGAN,2150000.0,2.15,2140000.0,2.14,51.0,109140000.0,109.14,2024-01-09 15:00:00
SOYBEANS,2022,STATE,MI,MICHIGAN,2250000.0,2.25,2240000.0,2.24,47.0,105280000.0,105.28,2024-01-09 15:00:00
SOYBEANS,2023,STATE,MI,MICHIGAN,2040000.0,2.04,2020000.0,2.02,46.0,92920000.0,92.92,2024-09-30 12:00:00
SOYBEANS,2024,STATE,MI,MICHIGAN,2230000.0,2.23,2210000.0,2.21,49.0,108290000.0,108.29,2025-09-30 12:00:00
SOYBEANS,2025,STATE,MI,MICHIGAN,2080000.0,2.08,2070000.0,2.07,48.5,100395000.0,100.395,2026-01-12 12:00:00
SOYBEANS,2026,STATE,MI,MICHIGAN,2050000.0,2.05,,,,,,2026-03-31 12:00:00
SOYBEANS,2015,STATE,MN,MINNESOTA,7600000.0,7.6,7550000.0,7.55,50.0,377500000.0,377.5,2019-02-06 15:00:06
SOYBEANS,2016,STATE,MN,MINNESOTA,7550000.0,7.55,7490000.0,7.49,52.0,389480000.0,389.48,2019-02-06 15:00:06
SOYBEANS,2017,STATE,MN,MINNESOTA,8150000.0,8.15,8090000.0,8.09,47.5,384275000.0,384.275,2019-03-21 15:28:35
SOYBEANS,2018,STATE,MN,MINNESOTA,7750000.0,7.75,7650000.0,7.65,49.0,374850000.0,374.85,2024-01-09 15:00:00
SOYBEANS,2019,STATE,MN,MINNESOTA,6850000.0,6.85,6770000.0,6.77,44.0,297880000.0,297.88,2024-01-09 15:00:00
SOYBEANS,2020,STATE,MN,MINNESOTA,7450000.0,7.45,7380000.0,7.38,50.0,369000000.0,369.0,2024-01-09 15:00:00
SOYBEANS,2021,STATE,MN,MINNESOTA,7650000.0,7.65,7580000.0,7.58,47.0,356260000.0,356.26,2024-01-09 15:00:00
SOYBEANS,2022,STATE,MN,MINNESOTA,7450000.0,7.45,7390000.0,7.39,50.0,369500000.0,369.5,2024-01-09 15:00:00
SOYBEANS,2023,STATE,MN,MINNESOTA,7350000.0,7.35,7280000.0,7.28,48.0,349440000.0,349.44,2024-09-30 12:00:00
SOYBEANS,2024,STATE,MN,MINNESOTA,7400000.0,7.4,7320000.0,7.32,45.0,329400000.0,329.4,2025-09-30 12:00:00
SOYBEANS,2025,STATE,MN,MINNESOTA,7150000.0,7.15,7070000.0,7.07,52.5,371175000.0,371.175,2026-01-12 12:00:00
SOYBEANS,2026,STATE,MN,MINNESOTA,7300000.0,7.3,,,,,,2026-03-31 12:00:00
SOYBEANS,2015,STATE,MO,MISSOURI,4550000.0,4.55,4470000.0,4.47,40.5,181035000.0,181.035,2019-02-06 15:00:06
SOYBEANS,2016,STATE,MO,MISSOURI,5600000.0,5.6,5540000.0,5.54,49.0,271460000.0,271.46,2019-02-06 15:00:06
SOYBEANS,2017,STATE,MO,MISSOURI,5950000.0,5.95,5910000.0,5.91,49.5,292545000.0,292.545,2019-03-21 15:28:35
SOYBEANS,2018,STATE,MO,MISSOURI,5850000.0,5.85,5780000.0,5.78,44.5,257210000.0,257.21,2024-01-09 15:00:00
SOYBEANS,2019,STATE,MO,MISSOURI,5100000.0,5.1,5010000.0,5.01,46.0,230460000.0,230.46,2024-01-09 15:00:00
SOYBEANS,2020,STATE,MO,MISSOURI,5850000.0,5.85,5810000.0,5.81,51.0,296310000.0,296.31,2024-01-09 15:00:00
SOYBEANS,2021,STATE,MO,MISSOURI,5700000.0,5.7,5640000.0,5.64,49.0,276360000.0,276.36,2024-01-09 15:00:00
SOYBEANS,2022,STATE,MO,MISSOURI,6100000.0,6.1,6040000.0,6.04,45.5,274820000.0,274.82,2024-01-09 15:00:00
SOYBEANS,2023,STATE,MO,MISSOURI,5600000.0,5.6,5520000.0,5.52,48.0,264960000.0,264.96,2024-09-30 12:00:00
SOYBEANS,2024,STATE,MO,MISSOURI,5950000.0,5.95,5890000.0,5.89,49.0,288610000.0,288.61,2025-09-30 12:00:00
SOYBEANS,2025,STATE,MO,MISSOURI,5600000.0,5.6,5530000.0,5.53,50.0,276500000.0,276.5,2026-01-12 12:00:00
SOYBEANS,2026,STATE,MO,MISSOURI,5500000.0,5.5,,,,,,2026-03-31 12:00:00
SOYBEANS,2015,STATE,MS,MISSISSIPPI,2300000.0,2.3,2270000.0,2.27,46.0,104420000.0,104.42,2019-02-06 15:00:06
SOYBEANS,2016,STATE,MS,MISSISSIPPI,2040000.0,2.04,2020000.0,2.02,48.0,96960000.0,96.96,2019-02-06 15:00:06
SOYBEANS,2017,STATE,MS,MISSISSIPPI,2190000.0,2.19,2170000.0,2.17,53.0,115010000.0,115.01,2019-02-06 15:00:06
SOYBEANS,2018,STATE,MS,MISSISSIPPI,2230000.0,2.23,2190000.0,2.19,54.0,118260000.0,118.26,2024-01-09 15:00:00
SOYBEANS,2019,STATE,MS,MISSISSIPPI,1660000.0,1.66,1630000.0,1.63,50.0,81500000.0,81.5,2024-01-09 15:00:00
SOYBEANS,2020,STATE,MS,MISSISSIPPI,2090000.0,2.09,2060000.0,2.06,54.0,111240000.0,111.24,2024-01-09 15:00:00
SOYBEANS,2021,STATE,MS,MISSISSIPPI,2220000.0,2.22,2170000.0,2.17,54.0,117180000.0,117.18,2024-01-09 15:00:00
SOYBEANS,2022,STATE,MS,MISSISSIPPI,2310000.0,2.31,2290000.0,2.29,54.0,123660000.0,123.66,2024-01-09 15:00:00
SOYBEANS,2023,STATE,MS,MISSISSIPPI,2180000.0,2.18,2130000.0,2.13,56.0,119280000.0,119.28,2024-09-30 12:00:00
SOYBEANS,2024,STATE,MS,MISSISSIPPI,2300000.0,2.3,2270000.0,2.27,56.0,127120000.0,127.12,2025-09-30 12:00:00
SOYBEANS,2025,STATE,MS,MISSISSIPPI,1810000.0,1.81,1790000.0,1.79,56.0,100240000.0,100.24,2026-01-12 12:00:00
SOYBEANS,2026,STATE,MS,MISSISSIPPI,2300000.0,2.3,,,,,,2026-03-31 12:00:00
SOYBEANS,2015,STATE,NC,NORTH CAROLINA,1820000.0,1.82,1730000.0,1.73,32.0,55360000.0,55.36,2019-02-06 15:00:06
SOYBEANS,2016,STATE,NC,NORTH CAROLINA,1690000.0,1.69,1660000.0,1.66,35.0,58100000.0,58.1,2019-02-06 15:00:06
SOYBEANS,2017,STATE,NC,NORTH CAROLINA,1700000.0,1.7,1690000.0,1.69,40.0,67600000.0,67.6,2019-02-06 15:00:06
SOYBEANS,2018,STATE,NC,NORTH CAROLINA,1650000.0,1.65,1570000.0,1.57,33.0,51810000.0,51.81,2024-01-09 15:00:00
SOYBEANS,2019,STATE,NC,NORTH CAROLINA,1540000.0,1.54,1510000.0,1.51,35.0,52850000.0,52.85,2024-01-09 15:00:00
SOYBEANS,2020,STATE,NC,NORTH CAROLINA,1600000.0,1.6,1570000.0,1.57,38.0,59660000.0,59.66,2024-01-09 15:00:00
SOYBEANS,2021,STATE,NC,NORTH CAROLINA,1650000.0,1.65,1630000.0,1.63,40.0,65200000.0,65.2,2024-01-09 15:00:00
SOYBEANS,2022,STATE,NC,NORTH CAROLINA,1700000.0,1.7,1680000.0,1.68,38.5,64680000.0,64.68,2024-01-09 15:00:00
SOYBEANS,2023,STATE,NC,NORTH CAROLINA,1640000.0,1.64,1620000.0,1.62,38.5,62370000.0,62.37,2024-09-30 12:00:00
SOYBEANS,2024,STATE,NC,NORTH CAROLINA,1630000.0,1.63,1600000.0,1.6,39.0,62400000.0,62.4,2025-09-30 12:00:00
SOYBEANS,2025,STATE,NC,NORTH CAROLINA,1630000.0,1.63,1610000.0,1.61,36.0,57960000.0,57.96,2026-01-12 12:00:00
SOYBEANS,2026,STATE,NC,NORTH CAROLINA,1700000.0,1.7,,,,,,2026-03-31 12:00:00
SOYBEANS,2015,STATE,ND,NORTH DAKOTA,5750000.0,5.75,5720000.0,5.72,32.5,185900000.0,185.9,2019-02-06 15:00:06
SOYBEANS,2016,STATE,ND,NORTH DAKOTA,6050000.0,6.05,5990000.0,5.99,41.5,248585000.0,248.585,2019-02-06 15:00:06
SOYBEANS,2017,STATE,ND,NORTH DAKOTA,7100000.0,7.1,7050000.0,7.05,34.5,243225000.0,243.225,2019-03-21 15:28:35
SOYBEANS,2018,STATE,ND,NORTH DAKOTA,6900000.0,6.9,6840000.0,6.84,35.0,239400000.0,239.4,2024-01-09 15:00:00
SOYBEANS,2019,STATE,ND,NORTH DAKOTA,5600000.0,5.6,5400000.0,5.4,31.5,170100000.0,170.1,2024-01-09 15:00:00
SOYBEANS,2020,STATE,ND,NORTH DAKOTA,5750000.0,5.75,5700000.0,5.7,34.0,193800000.0,193.8,2024-01-09 15:00:00
SOYBEANS,2021,STATE,ND,NORTH DAKOTA,7250000.0,7.25,7120000.0,7.12,25.5,181560000.0,181.56,2024-01-09 15:00:00
SOYBEANS,2022,STATE,ND,NORTH DAKOTA,5700000.0,5.7,5670000.0,5.67,35.0,198450000.0,198.45,2024-01-09 15:00:00
SOYBEANS,2023,STATE,ND,NORTH DAKOTA,6200000.0,6.2,6160000.0,6.16,35.5,218680000.0,218.68,2024-09-30 12:00:00
SOYBEANS,2024,STATE,ND,NORTH DAKOTA,6600000.0,6.6,6550000.0,6.55,37.5,245625000.0,245.625,2025-09-30 12:00:00
SOYBEANS,2025,STATE,ND,NORTH DAKOTA,6550000.0,6.55,6490000.0,6.49,34.5,223905000.0,223.905,2026-01-12 12:00:00
SOYBEANS,2026,STATE,ND,NORTH DAKOTA,6700000.0,6.7,,,,,,2026-03-31 12:00:00
SOYBEANS,2015,STATE,NE,NEBRASKA,5300000.0,5.3,5270000.0,5.27,58.0,305660000.0,305.66,2019-02-06 15:00:06
SOYBEANS,2016,STATE,NE,NEBRASKA,5200000.0,5.2,5150000.0,5.15,61.0,314150000.0,314.15,2019-02-06 15:00:06
SOYBEANS,2017,STATE,NE,NEBRASKA,5700000.0,5.7,5670000.0,5.67,57.5,326025000.0,326.025,2019-02-06 15:00:06
SOYBEANS,2018,STATE,NE,NEBRASKA,5650000.0,5.65,5590000.0,5.59,58.0,324220000.0,324.22,2024-01-09 15:00:00
SOYBEANS,2019,STATE,NE,NEBRASKA,4900000.0,4.9,4840000.0,4.84,58.5,283140000.0,283.14,2024-01-09 15:00:00
SOYBEANS,2020,STATE,NE,NEBRASKA,5200000.0,5.2,5160000.0,5.16,58.0,299280000.0,299.28,2024-01-09 15:00:00
SOYBEANS,2021,STATE,NE,NEBRASKA,5600000.0,5.6,5570000.0,5.57,63.0,350910000.0,350.91,2024-01-09 15:00:00
SOYBEANS,2022,STATE,NE,NEBRASKA,5750000.0,5.75,5650000.0,5.65,49.0,276850000.0,276.85,2024-01-09 15:00:00
SOYBEANS,2023,STATE,NE,NEBRASKA,5250000.0,5.25,5180000.0,5.18,51.5,266770000.0,266.77,2024-09-30 12:00:00
SOYBEANS,2024,STATE,NE,NEBRASKA,5300000.0,5.3,5240000.0,5.24,57.5,301300000.0,301.3,2025-09-30 12:00:00
SOYBEANS,2025,STATE,NE,NEBRASKA,4850000.0,4.85,4790000.0,4.79,65.5,313745000.0,313.745,2026-01-12 12:00:00
SOYBEANS,2026,STATE,NE,NEBRASKA,5200000.0,5.2,,,,,,2026-03-31 12:00:00
SOYBEANS,2015,STATE,NJ,NEW JERSEY,105000.0,0.105,103000.0,0.103,32.0,3296000.0,3.296,2019-02-06 15:00:06
SOYBEANS,2016,STATE,NJ,NEW JERSEY,100000.0,0.1,98000.0,0.098,36.0,3528000.0,3.528,2019-02-06 15:00:06
SOYBEANS,2017,STATE,NJ,NEW JERSEY,100000.0,0.1,99000.0,0.099,45.0,4455000.0,4.455,2019-02-06 15:00:06
SOYBEANS,2018,STATE,NJ,NEW JERSEY,110000.0,0.11,107000.0,0.107,39.5,4227000.0,4.227,2024-01-09 15:00:00
SOYBEANS,2019,STATE,NJ,NEW JERSEY,95000.0,0.095,92000.0,0.092,37.0,3404000.0,3.404,2024-01-09 15:00:00
SOYBEANS,2020,STATE,NJ,NEW JERSEY,94000.0,0.094,93000.0,0.093,46.0,4278000.0,4.278,2024-01-09 15:00:00
SOYBEANS,2021,STATE,NJ,NEW JERSEY,100000.0,0.1,99000.0,0.099,46.0,4554000.0,4.554,2024-01-09 15:00:00
SOYBEANS,2022,STATE,NJ,NEW JERSEY,110000.0,0.11,108000.0,0.108,28.0,3024000.0,3.024,2024-01-09 15:00:00
SOYBEANS,2023,STATE,NJ,NEW JERSEY,100000.0,0.1,98000.0,0.098,43.0,4214000.0,4.214,2024-09-30 12:00:00
SOYBEANS,2024,STATE,NJ,NEW JERSEY,105000.0,0.105,103000.0,0.103,43.0,4429000.0,4.429,2025-09-30 12:00:00
SOYBEANS,2025,STATE,NJ,NEW JERSEY,100000.0,0.1,99000.0,0.099,39.0,3861000.0,3.861,2026-01-12 12:00:00
SOYBEANS,2026,STATE,NJ,NEW JERSEY,110000.0,0.11,,,,,,2026-03-31 12:00:00
SOYBEANS,2015,STATE,NY,NEW YORK,305000.0,0.305,301000.0,0.301,43.0,12943000.0,12.943,2019-02-06 15:00:06
SOYBEANS,2016,STATE,NY,NEW YORK,330000.0,0.33,320000.0,0.32,41.0,13120000.0,13.12,2019-02-06 15:00:06
SOYBEANS,2017,STATE,NY,NEW YORK,270000.0,0.27,265000.0,0.265,45.0,11925000.0,11.925,2019-02-06 15:00:06
SOYBEANS,2018,STATE,NY,NEW YORK,335000.0,0.335,325000.0,0.325,52.0,16900000.0,16.9,2024-01-09 15:00:00
SOYBEANS,2019,STATE,NY,NEW YORK,235000.0,0.235,225000.0,0.225,48.0,10800000.0,10.8,2024-01-09 15:00:00
SOYBEANS,2020,STATE,NY,NEW YORK,315000.0,0.315,312000.0,0.312,51.0,15912000.0,15.912,2024-01-09 15:00:00
SOYBEANS,2021,STATE,NY,NEW YORK,325000.0,0.325,320000.0,0.32,53.0,16960000.0,16.96,2024-01-09 15:00:00
SOYBEANS,2022,STATE,NY,NEW YORK,350000.0,0.35,325000.0,0.325,45.0,14625000.0,14.625,2024-01-09 15:00:00
SOYBEANS,2023,STATE,NY,NEW YORK,350000.0,0.35,340000.0,0.34,51.0,17340000.0,17.34,2024-09-30 12:00:00
SOYBEANS,2024,STATE,NY,NEW YORK,370000.0,0.37,365000.0,0.365,51.0,18615000.0,18.615,2025-09-30 12:00:00
SOYBEANS,2025,STATE,NY,NEW YORK,310000.0,0.31,295000.0,0.295,40.0,11800000.0,11.8,2026-01-12 12:00:00
SOYBEANS,2026,STATE,NY,NEW YORK,330000.0,0.33,,,,,,2026-03-31 12:00:00
SOYBEANS,2015,STATE,OH,OHIO,4750000.0,4.75,4740000.0,4.74,50.0,237000000.0,237.0,2019-02-06 15:00:06
SOYBEANS,2016,STATE,OH,OHIO,4850000.0,4.85,4840000.0,4.84,54.5,263780000.0,263.78,2019-02-06 15:00:06
SOYBEANS,2017,STATE,OH,OHIO,5100000.0,5.1,5090000.0,5.09,49.5,251955000.0,251.955,2019-02-06 15:00:06
SOYBEANS,2018,STATE,OH,OHIO,5050000.0,5.05,5020000.0,5.02,56.0,281120000.0,281.12,2024-01-09 15:00:00
SOYBEANS,2019,STATE,OH,OHIO,4300000.0,4.3,4270000.0,4.27,49.0,209230000.0,209.23,2024-01-09 15:00:00
SOYBEANS,2020,STATE,OH,OHIO,4950000.0,4.95,4920000.0,4.92,55.0,270600000.0,270.6,2024-01-09 15:00:00
SOYBEANS,2021,STATE,OH,OHIO,4900000.0,4.9,4880000.0,4.88,57.0,278160000.0,278.16,2024-01-09 15:00:00
SOYBEANS,2022,STATE,OH,OHIO,5100000.0,5.1,5080000.0,5.08,55.5,281940000.0,281.94,2024-01-09 15:00:00
SOYBEANS,2023,STATE,OH,OHIO,4750000.0,4.75,4730000.0,4.73,58.0,274340000.0,274.34,2024-09-30 12:00:00
SOYBEANS,2024,STATE,OH,OHIO,5100000.0,5.1,5080000.0,5.08,50.0,254000000.0,254.0,2025-09-30 12:00:00
SOYBEANS,2025,STATE,OH,OHIO,4900000.0,4.9,4880000.0,4.88,53.0,258640000.0,258.64,2026-01-12 12:00:00
SOYBEANS,2026,STATE,OH,OHIO,4800000.0,4.8,,,,,,2026-03-31 12:00:00
SOYBEANS,2015,STATE,OK,OKLAHOMA,395000.0,0.395,375000.0,0.375,31.0,11625000.0,11.625,2019-02-06 15:00:06
SOYBEANS,2016,STATE,OK,OKLAHOMA,485000.0,0.485,470000.0,0.47,29.0,13630000.0,13.63,2019-02-06 15:00:06
SOYBEANS,2017,STATE,OK,OKLAHOMA,655000.0,0.655,640000.0,0.64,29.0,18560000.0,18.56,2019-02-06 15:00:06
SOYBEANS,2018,STATE,OK,OKLAHOMA,640000.0,0.64,600000.0,0.6,28.0,16800000.0,16.8,2024-01-09 15:00:00
SOYBEANS,2019,STATE,OK,OKLAHOMA,465000.0,0.465,440000.0,0.44,29.0,12760000.0,12.76,2024-01-09 15:00:00
SOYBEANS,2020,STATE,OK,OKLAHOMA,560000.0,0.56,540000.0,0.54,30.0,16200000.0,16.2,2024-01-09 15:00:00
SOYBEANS,2021,STATE,OK,OKLAHOMA,580000.0,0.58,535000.0,0.535,23.0,12305000.0,12.305,2024-01-09 15:00:00
SOYBEANS,2022,STATE,OK,OKLAHOMA,545000.0,0.545,380000.0,0.38,17.0,6460000.0,6.46,2024-01-09 15:00:00
SOYBEANS,2023,STATE,OK,OKLAHOMA,460000.0,0.46,400000.0,0.4,26.0,10400000.0,10.4,2024-09-30 12:00:00
SOYBEANS,2024,STATE,OK,OKLAHOMA,510000.0,0.51,405000.0,0.405,20.0,8100000.0,8.1,2025-09-30 12:00:00
SOYBEANS,2025,STATE,OK,OKLAHOMA,365000.0,0.365,350000.0,0.35,29.0,10150000.0,10.15,2026-01-12 12:00:00
SOYBEANS,2026,STATE,OK,OKLAHOMA,420000.0,0.42,,,,,,2026-03-31 12:00:00
SOYBEANS,2015,STATE,OT,OTHER STATES,0.0,0.0,0.0,0.0,0.0,0.0,0.0,2016-09-30 12:00:00
SOYBEANS,2016,STATE,OT,OTHER STATES,0.0,0.0,0.0,0.0,0.0,0.0,0.0,2017-01-12 12:05:05
SOYBEANS,2017,STATE,OT,OTHER STATES,0.0,0.0,0.0,0.0,0.0,0.0,0.0,2018-09-28 12:01:19
SOYBEANS,2018,STATE,OT,OTHER STATES,0.0,0.0,0.0,0.0,0.0,0.0,0.0,2024-01-09 15:00:00
SOYBEANS,2019,STATE,OT,OTHER STATES,0.0,0.0,0.0,0.0,,,,2019-06-28 12:00:00
SOYBEANS,2020,STATE,OT,OTHER STATES,0.0,0.0,0.0,0.0,,,,2020-06-30 12:02:25
SOYBEANS,2021,STATE,OT,OTHER STATES,0.0,0.0,0.0,0.0,,,,2021-06-30 12:01:34
SOYBEANS,2023,STATE,OT,OTHER STATES,0.0,0.0,0.0,0.0,,,,2023-06-30 12:00:00
SOYBEANS,2025,STATE,OT,OTHER STATES,0.0,0.0,0.0,0.0,,,,2025-06-30 12:00:00
SOYBEANS,2015,STATE,PA,PENNSYLVANIA,590000.0,0.59,585000.0,0.585,44.0,25740000.0,25.74,2019-10-01 15:11:43
SOYBEANS,2016,STATE,PA,PENNSYLVANIA,600000.0,0.6,595000.0,0.595,44.0,26180000.0,26.18,2019-10-01 15:11:43
SOYBEANS,2017,STATE,PA,PENNSYLVANIA,610000.0,0.61,605000.0,0.605,48.0,29040000.0,29.04,2019-03-21 15:28:35
SOYBEANS,2018,STATE,PA,PENNSYLVANIA,640000.0,0.64,630000.0,0.63,44.5,28035000.0,28.035,2024-01-09 15:00:00
SOYBEANS,2019,STATE,PA,PENNSYLVANIA,620000.0,0.62,610000.0,0.61,49.0,29890000.0,29.89,2024-01-09 15:00:00
SOYBEANS,2020,STATE,PA,PENNSYLVANIA,640000.0,0.64,630000.0,0.63,46.0,28980000.0,28.98,2024-01-09 15:00:00
SOYBEANS,2021,STATE,PA,PENNSYLVANIA,600000.0,0.6,595000.0,0.595,53.0,31535000.0,31.535,2024-01-09 15:00:00
SOYBEANS,2022,STATE,PA,PENNSYLVANIA,600000.0,0.6,590000.0,0.59,43.0,25370000.0,25.37,2024-01-09 15:00:00
SOYBEANS,2023,STATE,PA,PENNSYLVANIA,570000.0,0.57,560000.0,0.56,47.0,26320000.0,26.32,2024-09-30 12:00:00
SOYBEANS,2024,STATE,PA,PENNSYLVANIA,630000.0,0.63,620000.0,0.62,45.0,27900000.0,27.9,2025-09-30 12:00:00
SOYBEANS,2025,STATE,PA,PENNSYLVANIA,580000.0,0.58,570000.0,0.57,44.0,25080000.0,25.08,2026-01-12 12:00:00
SOYBEANS,2026,STATE,PA,PENNSYLVANIA,580000.0,0.58,,,,,,2026-03-31 12:00:00
SOYBEANS,2015,STATE,SC,SOUTH CAROLINA,475000.0,0.475,370000.0,0.37,26.5,9805000.0,9.805,2019-02-06 15:00:06
SOYBEANS,2016,STATE,SC,SOUTH CAROLINA,420000.0,0.42,405000.0,0.405,31.0,12555000.0,12.555,2019-02-06 15:00:06
SOYBEANS,2017,STATE,SC,SOUTH CAROLINA,400000.0,0.4,390000.0,0.39,38.0,14820000.0,14.82,2019-02-06 15:00:06
SOYBEANS,2018,STATE,SC,SOUTH CAROLINA,390000.0,0.39,330000.0,0.33,29.0,9570000.0,9.57,2024-01-09 15:00:00
SOYBEANS,2019,STATE,SC,SOUTH CAROLINA,335000.0,0.335,315000.0,0.315,26.0,8190000.0,8.19,2024-01-09 15:00:00
SOYBEANS,2020,STATE,SC,SOUTH CAROLINA,310000.0,0.31,295000.0,0.295,35.0,10325000.0,10.325,2024-01-09 15:00:00
SOYBEANS,2021,STATE,SC,SOUTH CAROLINA,395000.0,0.395,385000.0,0.385,38.0,14630000.0,14.63,2024-01-09 15:00:00
SOYBEANS,2022,STATE,SC,SOUTH CAROLINA,405000.0,0.405,395000.0,0.395,37.0,14615000.0,14.615,2024-01-09 15:00:00
SOYBEANS,2023,STATE,SC,SOUTH CAROLINA,395000.0,0.395,385000.0,0.385,39.0,15015000.0,15.015,2024-09-30 12:00:00
SOYBEANS,2024,STATE,SC,SOUTH CAROLINA,395000.0,0.395,380000.0,0.38,34.0,12920000.0,12.92,2025-09-30 12:00:00
SOYBEANS,2025,STATE,SC,SOUTH CAROLINA,365000.0,0.365,355000.0,0.355,31.0,11005000.0,11.005,2026-01-12 12:00:00
SOYBEANS,2026,STATE,SC,SOUTH CAROLINA,350000.0,0.35,,,,,,2026-03-31 12:00:00
SOYBEANS,2015,STATE,SD,SOUTH DAKOTA,5150000.0,5.15,5120000.0,5.12,46.0,235520000.0,235.52,2019-02-06 15:00:06
SOYBEANS,2016,STATE,SD,SOUTH DAKOTA,5200000.0,5.2,5170000.0,5.17,49.5,255915000.0,255.915,2019-02-06 15:00:06
SOYBEANS,2017,STATE,SD,SOUTH DAKOTA,5650000.0,5.65,5610000.0,5.61,43.0,241230000.0,241.23,2019-02-06 15:00:06
SOYBEANS,2018,STATE,SD,SOUTH DAKOTA,5650000.0,5.65,5580000.0,5.58,45.0,251100000.0,251.1,2024-01-09 15:00:00
SOYBEANS,2019,STATE,SD,SOUTH DAKOTA,3500000.0,3.5,3440000.0,3.44,42.5,146200000.0,146.2,2024-01-09 15:00:00
SOYBEANS,2020,STATE,SD,SOUTH DAKOTA,4950000.0,4.95,4920000.0,4.92,46.0,226320000.0,226.32,2024-01-09 15:00:00
SOYBEANS,2021,STATE,SD,SOUTH DAKOTA,5450000.0,5.45,5390000.0,5.39,40.0,215600000.0,215.6,2024-01-09 15:00:00
SOYBEANS,2022,STATE,SD,SOUTH DAKOTA,5100000.0,5.1,5070000.0,5.07,38.0,192660000.0,192.66,2024-01-09 15:00:00
SOYBEANS,2023,STATE,SD,SOUTH DAKOTA,5100000.0,5.1,5070000.0,5.07,44.0,223080000.0,223.08,2024-09-30 12:00:00
SOYBEANS,2024,STATE,SD,SOUTH DAKOTA,5450000.0,5.45,5380000.0,5.38,43.0,231340000.0,231.34,2025-09-30 12:00:00
SOYBEANS,2025,STATE,SD,SOUTH DAKOTA,5100000.0,5.1,5060000.0,5.06,47.0,237820000.0,237.82,2026-01-12 12:00:00
SOYBEANS,2026,STATE,SD,SOUTH DAKOTA,5600000.0,5.6,,,,,,2026-03-31 12:00:00
SOYBEANS,2015,STATE,TN,TENNESSEE,1750000.0,1.75,1720000.0,1.72,46.0,79120000.0,79.12,2019-02-06 15:00:06
SOYBEANS,2016,STATE,TN,TENNESSEE,1660000.0,1.66,1630000.0,1.63,45.0,73350000.0,73.35,2019-02-06 15:00:06
SOYBEANS,2017,STATE,TN,TENNESSEE,1690000.0,1.69,1660000.0,1.66,50.0,83000000.0,83.0,2019-02-06 15:00:06
SOYBEANS,2018,STATE,TN,TENNESSEE,1700000.0,1.7,1670000.0,1.67,45.5,75985000.0,75.985,2024-01-09 15:00:00
SOYBEANS,2019,STATE,TN,TENNESSEE,1400000.0,1.4,1370000.0,1.37,47.0,64390000.0,64.39,2024-01-09 15:00:00
SOYBEANS,2020,STATE,TN,TENNESSEE,1650000.0,1.65,1620000.0,1.62,50.0,81000000.0,81.0,2024-01-09 15:00:00
SOYBEANS,2021,STATE,TN,TENNESSEE,1550000.0,1.55,1520000.0,1.52,50.0,76000000.0,76.0,2024-01-09 15:00:00
SOYBEANS,2022,STATE,TN,TENNESSEE,1650000.0,1.65,1620000.0,1.62,48.0,77760000.0,77.76,2024-01-09 15:00:00
SOYBEANS,2023,STATE,TN,TENNESSEE,1600000.0,1.6,1570000.0,1.57,51.0,80070000.0,80.07,2024-09-30 12:00:00
SOYBEANS,2024,STATE,TN,TENNESSEE,1820000.0,1.82,1800000.0,1.8,42.0,75600000.0,75.6,2025-09-30 12:00:00
SOYBEANS,2025,STATE,TN,TENNESSEE,1550000.0,1.55,1520000.0,1.52,42.0,63840000.0,63.84,2026-01-12 12:00:00
SOYBEANS,2026,STATE,TN,TENNESSEE,1550000.0,1.55,,,,,,2026-03-31 12:00:00
SOYBEANS,2015,STATE,TX,TEXAS,130000.0,0.13,115000.0,0.115,26.0,2990000.0,2.99,2019-02-06 15:00:06
SOYBEANS,2016,STATE,TX,TEXAS,165000.0,0.165,145000.0,0.145,31.0,4495000.0,4.495,2019-02-06 15:00:06
SOYBEANS,2017,STATE,TX,TEXAS,210000.0,0.21,185000.0,0.185,37.0,6845000.0,6.845,2019-02-06 15:00:06
SOYBEANS,2018,STATE,TX,TEXAS,175000.0,0.175,135000.0,0.135,31.5,4253000.0,4.253,2024-01-09 15:00:00
SOYBEANS,2019,STATE,TX,TEXAS,80000.0,0.08,72000.0,0.072,28.0,2016000.0,2.016,2024-01-09 15:00:00
SOYBEANS,2020,STATE,TX,TEXAS,120000.0,0.12,110000.0,0.11,34.0,3740000.0,3.74,2024-01-09 15:00:00
SOYBEANS,2021,STATE,TX,TEXAS,110000.0,0.11,100000.0,0.1,38.0,3800000.0,3.8,2024-01-09 15:00:00
SOYBEANS,2022,STATE,TX,TEXAS,155000.0,0.155,85000.0,0.085,20.0,1700000.0,1.7,2024-01-09 15:00:00
SOYBEANS,2023,STATE,TX,TEXAS,125000.0,0.125,85000.0,0.085,25.0,2125000.0,2.125,2024-09-30 12:00:00
SOYBEANS,2024,STATE,TX,TEXAS,100000.0,0.1,74000.0,0.074,32.0,2368000.0,2.368,2025-09-30 12:00:00
SOYBEANS,2025,STATE,TX,TEXAS,110000.0,0.11,90000.0,0.09,32.0,2880000.0,2.88,2026-01-12 12:00:00
SOYBEANS,2026,STATE,TX,TEXAS,95000.0,0.095,,,,,,2026-03-31 12:00:00
SOYBEANS,2015,STATE,VA,VIRGINIA,630000.0,0.63,620000.0,0.62,34.5,21390000.0,21.39,2019-02-06 15:00:06
SOYBEANS,2016,STATE,VA,VIRGINIA,610000.0,0.61,600000.0,0.6,36.0,21600000.0,21.6,2019-02-06 15:00:06
SOYBEANS,2017,STATE,VA,VIRGINIA,600000.0,0.6,590000.0,0.59,44.0,25960000.0,25.96,2019-02-06 15:00:06
SOYBEANS,2018,STATE,VA,VIRGINIA,600000.0,0.6,590000.0,0.59,42.0,24780000.0,24.78,2024-01-09 15:00:00
SOYBEANS,2019,STATE,VA,VIRGINIA,570000.0,0.57,560000.0,0.56,34.0,19040000.0,19.04,2024-01-09 15:00:00
SOYBEANS,2020,STATE,VA,VIRGINIA,570000.0,0.57,560000.0,0.56,42.0,23520000.0,23.52,2024-01-09 15:00:00
SOYBEANS,2021,STATE,VA,VIRGINIA,600000.0,0.6,590000.0,0.59,46.0,27140000.0,27.14,2024-01-09 15:00:00
SOYBEANS,2022,STATE,VA,VIRGINIA,620000.0,0.62,610000.0,0.61,41.0,25010000.0,25.01,2024-01-09 15:00:00
SOYBEANS,2023,STATE,VA,VIRGINIA,580000.0,0.58,570000.0,0.57,38.0,21660000.0,21.66,2024-09-30 12:00:00
SOYBEANS,2024,STATE,VA,VIRGINIA,610000.0,0.61,595000.0,0.595,44.0,26180000.0,26.18,2025-09-30 12:00:00
SOYBEANS,2025,STATE,VA,VIRGINIA,600000.0,0.6,590000.0,0.59,38.0,22420000.0,22.42,2026-01-12 12:00:00
SOYBEANS,2026,STATE,VA,VIRGINIA,570000.0,0.57,,,,,,2026-03-31 12:00:00
SOYBEANS,2015,STATE,WI,WISCONSIN,1880000.0,1.88,1870000.0,1.87,49.5,92565000.0,92.565,2019-02-06 15:00:06
SOYBEANS,2016,STATE,WI,WISCONSIN,1960000.0,1.96,1950000.0,1.95,55.0,107250000.0,107.25,2019-02-06 15:00:06
SOYBEANS,2017,STATE,WI,WISCONSIN,2150000.0,2.15,2140000.0,2.14,47.5,101650000.0,101.65,2019-03-21 15:28:35
SOYBEANS,2018,STATE,WI,WISCONSIN,2220000.0,2.22,2180000.0,2.18,48.0,104640000.0,104.64,2024-01-09 15:00:00
SOYBEANS,2019,STATE,WI,WISCONSIN,1750000.0,1.75,1690000.0,1.69,47.0,79430000.0,79.43,2024-01-09 15:00:00
SOYBEANS,2020,STATE,WI,WISCONSIN,2020000.0,2.02,1990000.0,1.99,52.0,103480000.0,103.48,2024-01-09 15:00:00
SOYBEANS,2021,STATE,WI,WISCONSIN,2100000.0,2.1,2070000.0,2.07,55.0,113850000.0,113.85,2024-01-09 15:00:00
SOYBEANS,2022,STATE,WI,WISCONSIN,2160000.0,2.16,2150000.0,2.15,54.0,116100000.0,116.1,2024-01-09 15:00:00
SOYBEANS,2023,STATE,WI,WISCONSIN,2110000.0,2.11,2060000.0,2.06,51.0,105060000.0,105.06,2024-09-30 12:00:00
SOYBEANS,2024,STATE,WI,WISCONSIN,2180000.0,2.18,2150000.0,2.15,48.0,103200000.0,103.2,2025-09-30 12:00:00
SOYBEANS,2025,STATE,WI,WISCONSIN,2030000.0,2.03,2020000.0,2.02,56.0,113120000.0,113.12,2026-01-12 12:00:00
SOYBEANS,2026,STATE,WI,WISCONSIN,2400000.0,2.4,,,,,,2026-03-31 12:00:00
SOYBEANS,2015,STATE,WV,WEST VIRGINIA,27000.0,0.027,26000.0,0.026,48.0,1248000.0,1.248,2019-02-06 15:00:06
SOYBEANS,2016,STATE,WV,WEST VIRGINIA,27000.0,0.027,26000.0,0.026,51.0,1326000.0,1.326,2019-02-06 15:00:06
SOYBEANS,2017,STATE,WV,WEST VIRGINIA,27000.0,0.027,26000.0,0.026,54.0,1404000.0,1.404,2019-02-06 15:00:06
SOYBEANS,2018,STATE,WV,WEST VIRGINIA,29000.0,0.029,27000.0,0.027,53.0,1431000.0,1.431,2024-01-09 15:00:00
